feature,source_name,row_count,ticker_count,date_count,numeric_parse_rate
adj_close,yf_prices,590276,140,16546,1.0
close,yf_prices,590276,140,16546,1.0
high,yf_prices,590276,140,16546,1.0
low,yf_prices,590276,140,16546,1.0
open,yf_prices,590276,140,16546,1.0
volume,yf_prices,590276,140,16546,1.0
wiki_views,wikimedia_pageviews,95934,39,3943,1.0
wiki_views_desktop,wikimedia_pageviews,95934,39,3943,1.0
wiki_views_mobile,wikimedia_pageviews,95934,39,3943,1.0
2008_financial_crisis_wiki_views,wikimedia_pageviews,3943,0,3943,1.0
2008_financial_crisis_wiki_views_desktop,wikimedia_pageviews,3943,0,3943,1.0
2008_financial_crisis_wiki_views_mobile,wikimedia_pageviews,3943,0,3943,1.0
artificial_intelligence_wiki_views,wikimedia_pageviews,3943,0,3943,1.0
artificial_intelligence_wiki_views_desktop,wikimedia_pageviews,3943,0,3943,1.0
artificial_intelligence_wiki_views_mobile,wikimedia_pageviews,3943,0,3943,1.0
auckland_wiki_views,wikimedia_pageviews,3943,0,3943,1.0
auckland_wiki_views_desktop,wikimedia_pageviews,3943,0,3943,1.0
auckland_wiki_views_mobile,wikimedia_pageviews,3943,0,3943,1.0
bank_of_england_wiki_views,wikimedia_pageviews,3943,0,3943,1.0
bank_of_england_wiki_views_desktop,wikimedia_pageviews,3943,0,3943,1.0
bank_of_england_wiki_views_mobile,wikimedia_pageviews,3943,0,3943,1.0
bank_run_wiki_views,wikimedia_pageviews,3943,0,3943,1.0
bank_run_wiki_views_desktop,wikimedia_pageviews,3943,0,3943,1.0
bank_run_wiki_views_mobile,wikimedia_pageviews,3943,0,3943,1.0
bankruptcy_wiki_views,wikimedia_pageviews,3943,0,3943,1.0
bankruptcy_wiki_views_desktop,wikimedia_pageviews,3943,0,3943,1.0
bankruptcy_wiki_views_mobile,wikimedia_pageviews,3943,0,3943,1.0
bear_market_wiki_views,wikimedia_pageviews,3943,0,3943,1.0
bear_market_wiki_views_desktop,wikimedia_pageviews,3943,0,3943,1.0
bear_market_wiki_views_mobile,wikimedia_pageviews,3943,0,3943,1.0
beef_wiki_views,wikimedia_pageviews,3943,0,3943,1.0
beef_wiki_views_desktop,wikimedia_pageviews,3943,0,3943,1.0
beef_wiki_views_mobile,wikimedia_pageviews,3943,0,3943,1.0
black_monday_1987_wiki_views,wikimedia_pageviews,3943,0,3943,1.0
black_monday_1987_wiki_views_desktop,wikimedia_pageviews,3943,0,3943,1.0
black_monday_1987_wiki_views_mobile,wikimedia_pageviews,3943,0,3943,1.0
bond_market_wiki_views,wikimedia_pageviews,3943,0,3943,1.0
bond_market_wiki_views_desktop,wikimedia_pageviews,3943,0,3943,1.0
bond_market_wiki_views_mobile,wikimedia_pageviews,3943,0,3943,1.0
brexit_wiki_views,wikimedia_pageviews,3943,0,3943,1.0
brexit_wiki_views_desktop,wikimedia_pageviews,3943,0,3943,1.0
brexit_wiki_views_mobile,wikimedia_pageviews,3943,0,3943,1.0
christchurch_wiki_views,wikimedia_pageviews,3943,0,3943,1.0
christchurch_wiki_views_desktop,wikimedia_pageviews,3943,0,3943,1.0
christchurch_wiki_views_mobile,wikimedia_pageviews,3943,0,3943,1.0
cloud_computing_wiki_views,wikimedia_pageviews,3943,0,3943,1.0
cloud_computing_wiki_views_desktop,wikimedia_pageviews,3943,0,3943,1.0
cloud_computing_wiki_views_mobile,wikimedia_pageviews,3943,0,3943,1.0
copper_wiki_views,wikimedia_pageviews,3943,0,3943,1.0
copper_wiki_views_desktop,wikimedia_pageviews,3943,0,3943,1.0
copper_wiki_views_mobile,wikimedia_pageviews,3943,0,3943,1.0
credit_crunch_wiki_views,wikimedia_pageviews,3943,0,3943,1.0
credit_crunch_wiki_views_desktop,wikimedia_pageviews,3943,0,3943,1.0
credit_crunch_wiki_views_mobile,wikimedia_pageviews,3943,0,3943,1.0
crude_oil_wiki_views,wikimedia_pageviews,3943,0,3943,1.0
crude_oil_wiki_views_desktop,wikimedia_pageviews,3943,0,3943,1.0
crude_oil_wiki_views_mobile,wikimedia_pageviews,3943,0,3943,1.0
dairy_farming_in_new_zealand_wiki_views,wikimedia_pageviews,3943,0,3943,1.0
dairy_farming_in_new_zealand_wiki_views_desktop,wikimedia_pageviews,3943,0,3943,1.0
dairy_farming_in_new_zealand_wiki_views_mobile,wikimedia_pageviews,3943,0,3943,1.0
dairy_wiki_views,wikimedia_pageviews,3943,0,3943,1.0
dairy_wiki_views_desktop,wikimedia_pageviews,3943,0,3943,1.0
dairy_wiki_views_mobile,wikimedia_pageviews,3943,0,3943,1.0
default_finance_wiki_views,wikimedia_pageviews,3943,0,3943,1.0
default_finance_wiki_views_desktop,wikimedia_pageviews,3943,0,3943,1.0
default_finance_wiki_views_mobile,wikimedia_pageviews,3943,0,3943,1.0
deflation_wiki_views,wikimedia_pageviews,3943,0,3943,1.0
deflation_wiki_views_desktop,wikimedia_pageviews,3943,0,3943,1.0
deflation_wiki_views_mobile,wikimedia_pageviews,3943,0,3943,1.0
economic_bubble_wiki_views,wikimedia_pageviews,3943,0,3943,1.0
economic_bubble_wiki_views_desktop,wikimedia_pageviews,3943,0,3943,1.0
economic_bubble_wiki_views_mobile,wikimedia_pageviews,3943,0,3943,1.0
economy_of_new_zealand_wiki_views,wikimedia_pageviews,3943,0,3943,1.0
economy_of_new_zealand_wiki_views_desktop,wikimedia_pageviews,3943,0,3943,1.0
economy_of_new_zealand_wiki_views_mobile,wikimedia_pageviews,3943,0,3943,1.0
european_central_bank_wiki_views,wikimedia_pageviews,3943,0,3943,1.0
european_central_bank_wiki_views_desktop,wikimedia_pageviews,3943,0,3943,1.0
european_central_bank_wiki_views_mobile,wikimedia_pageviews,3943,0,3943,1.0
federal_reserve_wiki_views,wikimedia_pageviews,3943,0,3943,1.0
federal_reserve_wiki_views_desktop,wikimedia_pageviews,3943,0,3943,1.0
federal_reserve_wiki_views_mobile,wikimedia_pageviews,3943,0,3943,1.0
financial_crisis_wiki_views,wikimedia_pageviews,3943,0,3943,1.0
financial_crisis_wiki_views_desktop,wikimedia_pageviews,3943,0,3943,1.0
financial_crisis_wiki_views_mobile,wikimedia_pageviews,3943,0,3943,1.0
fiscal_policy_wiki_views,wikimedia_pageviews,3943,0,3943,1.0
fiscal_policy_wiki_views_desktop,wikimedia_pageviews,3943,0,3943,1.0
fiscal_policy_wiki_views_mobile,wikimedia_pageviews,3943,0,3943,1.0
fonterra_wiki_views,wikimedia_pageviews,3943,0,3943,1.0
fonterra_wiki_views_desktop,wikimedia_pageviews,3943,0,3943,1.0
fonterra_wiki_views_mobile,wikimedia_pageviews,3943,0,3943,1.0
forestry_in_new_zealand_wiki_views,wikimedia_pageviews,3943,0,3943,1.0
forestry_in_new_zealand_wiki_views_desktop,wikimedia_pageviews,3943,0,3943,1.0
forestry_in_new_zealand_wiki_views_mobile,wikimedia_pageviews,3943,0,3943,1.0
free_trade_agreement_wiki_views,wikimedia_pageviews,3943,0,3943,1.0
free_trade_agreement_wiki_views_desktop,wikimedia_pageviews,3943,0,3943,1.0
free_trade_agreement_wiki_views_mobile,wikimedia_pageviews,3943,0,3943,1.0
gold_wiki_views,wikimedia_pageviews,3943,0,3943,1.0
gold_wiki_views_desktop,wikimedia_pageviews,3943,0,3943,1.0
gold_wiki_views_mobile,wikimedia_pageviews,3943,0,3943,1.0
government_debt_wiki_views,wikimedia_pageviews,3943,0,3943,1.0
government_debt_wiki_views_desktop,wikimedia_pageviews,3943,0,3943,1.0
government_debt_wiki_views_mobile,wikimedia_pageviews,3943,0,3943,1.0
great_depression_wiki_views,wikimedia_pageviews,3943,0,3943,1.0
great_depression_wiki_views_desktop,wikimedia_pageviews,3943,0,3943,1.0
great_depression_wiki_views_mobile,wikimedia_pageviews,3943,0,3943,1.0
house_price_index_wiki_views,wikimedia_pageviews,3943,0,3943,1.0
house_price_index_wiki_views_desktop,wikimedia_pageviews,3943,0,3943,1.0
house_price_index_wiki_views_mobile,wikimedia_pageviews,3943,0,3943,1.0
immigration_to_new_zealand_wiki_views,wikimedia_pageviews,3943,0,3943,1.0
immigration_to_new_zealand_wiki_views_desktop,wikimedia_pageviews,3943,0,3943,1.0
immigration_to_new_zealand_wiki_views_mobile,wikimedia_pageviews,3943,0,3943,1.0
inflation_wiki_views,wikimedia_pageviews,3943,0,3943,1.0
inflation_wiki_views_desktop,wikimedia_pageviews,3943,0,3943,1.0
inflation_wiki_views_mobile,wikimedia_pageviews,3943,0,3943,1.0
interest_rate_wiki_views,wikimedia_pageviews,3943,0,3943,1.0
interest_rate_wiki_views_desktop,wikimedia_pageviews,3943,0,3943,1.0
interest_rate_wiki_views_mobile,wikimedia_pageviews,3943,0,3943,1.0
iron_ore_wiki_views,wikimedia_pageviews,3943,0,3943,1.0
iron_ore_wiki_views_desktop,wikimedia_pageviews,3943,0,3943,1.0
iron_ore_wiki_views_mobile,wikimedia_pageviews,3943,0,3943,1.0
kiwifruit_wiki_views,wikimedia_pageviews,3943,0,3943,1.0
kiwifruit_wiki_views_desktop,wikimedia_pageviews,3943,0,3943,1.0
kiwifruit_wiki_views_mobile,wikimedia_pageviews,3943,0,3943,1.0
lamb_and_mutton_wiki_views,wikimedia_pageviews,3943,0,3943,1.0
lamb_and_mutton_wiki_views_desktop,wikimedia_pageviews,3943,0,3943,1.0
lamb_and_mutton_wiki_views_mobile,wikimedia_pageviews,3943,0,3943,1.0
layoff_wiki_views,wikimedia_pageviews,3943,0,3943,1.0
layoff_wiki_views_desktop,wikimedia_pageviews,3943,0,3943,1.0
layoff_wiki_views_mobile,wikimedia_pageviews,3943,0,3943,1.0
lithium_wiki_views,wikimedia_pageviews,3943,0,3943,1.0
lithium_wiki_views_desktop,wikimedia_pageviews,3943,0,3943,1.0
lithium_wiki_views_mobile,wikimedia_pageviews,3943,0,3943,1.0
machine_learning_wiki_views,wikimedia_pageviews,3943,0,3943,1.0
machine_learning_wiki_views_desktop,wikimedia_pageviews,3943,0,3943,1.0
machine_learning_wiki_views_mobile,wikimedia_pageviews,3943,0,3943,1.0
market_correction_wiki_views,wikimedia_pageviews,3943,0,3943,1.0
market_correction_wiki_views_desktop,wikimedia_pageviews,3943,0,3943,1.0
market_correction_wiki_views_mobile,wikimedia_pageviews,3943,0,3943,1.0
milk_wiki_views,wikimedia_pageviews,3943,0,3943,1.0
milk_wiki_views_desktop,wikimedia_pageviews,3943,0,3943,1.0
milk_wiki_views_mobile,wikimedia_pageviews,3943,0,3943,1.0
monetary_policy_wiki_views,wikimedia_pageviews,3943,0,3943,1.0
monetary_policy_wiki_views_desktop,wikimedia_pageviews,3943,0,3943,1.0
monetary_policy_wiki_views_mobile,wikimedia_pageviews,3943,0,3943,1.0
mortgage_loan_wiki_views,wikimedia_pageviews,3943,0,3943,1.0
mortgage_loan_wiki_views_desktop,wikimedia_pageviews,3943,0,3943,1.0
mortgage_loan_wiki_views_mobile,wikimedia_pageviews,3943,0,3943,1.0
national_debt_of_the_united_states_wiki_views,wikimedia_pageviews,3943,0,3943,1.0
national_debt_of_the_united_states_wiki_views_desktop,wikimedia_pageviews,3943,0,3943,1.0
national_debt_of_the_united_states_wiki_views_mobile,wikimedia_pageviews,3943,0,3943,1.0
natural_gas_wiki_views,wikimedia_pageviews,3943,0,3943,1.0
natural_gas_wiki_views_desktop,wikimedia_pageviews,3943,0,3943,1.0
natural_gas_wiki_views_mobile,wikimedia_pageviews,3943,0,3943,1.0
new_zealand_dollar_wiki_views,wikimedia_pageviews,3943,0,3943,1.0
new_zealand_dollar_wiki_views_desktop,wikimedia_pageviews,3943,0,3943,1.0
new_zealand_dollar_wiki_views_mobile,wikimedia_pageviews,3943,0,3943,1.0
panic_selling_wiki_views,wikimedia_pageviews,3943,0,3943,1.0
panic_selling_wiki_views_desktop,wikimedia_pageviews,3943,0,3943,1.0
panic_selling_wiki_views_mobile,wikimedia_pageviews,3943,0,3943,1.0
quantitative_easing_wiki_views,wikimedia_pageviews,3943,0,3943,1.0
quantitative_easing_wiki_views_desktop,wikimedia_pageviews,3943,0,3943,1.0
quantitative_easing_wiki_views_mobile,wikimedia_pageviews,3943,0,3943,1.0
real_estate_wiki_views,wikimedia_pageviews,3943,0,3943,1.0
real_estate_wiki_views_desktop,wikimedia_pageviews,3943,0,3943,1.0
real_estate_wiki_views_mobile,wikimedia_pageviews,3943,0,3943,1.0
recession_wiki_views,wikimedia_pageviews,3943,0,3943,1.0
recession_wiki_views_desktop,wikimedia_pageviews,3943,0,3943,1.0
recession_wiki_views_mobile,wikimedia_pageviews,3943,0,3943,1.0
reserve_bank_of_new_zealand_wiki_views,wikimedia_pageviews,3943,0,3943,1.0
reserve_bank_of_new_zealand_wiki_views_desktop,wikimedia_pageviews,3943,0,3943,1.0
reserve_bank_of_new_zealand_wiki_views_mobile,wikimedia_pageviews,3943,0,3943,1.0
sanctions_wiki_views,wikimedia_pageviews,3943,0,3943,1.0
sanctions_wiki_views_desktop,wikimedia_pageviews,3943,0,3943,1.0
sanctions_wiki_views_mobile,wikimedia_pageviews,3943,0,3943,1.0
shipping_container_wiki_views,wikimedia_pageviews,3943,0,3943,1.0
shipping_container_wiki_views_desktop,wikimedia_pageviews,3943,0,3943,1.0
shipping_container_wiki_views_mobile,wikimedia_pageviews,3943,0,3943,1.0
stock_market_crash_wiki_views,wikimedia_pageviews,3943,0,3943,1.0
stock_market_crash_wiki_views_desktop,wikimedia_pageviews,3943,0,3943,1.0
stock_market_crash_wiki_views_mobile,wikimedia_pageviews,3943,0,3943,1.0
subprime_mortgage_crisis_wiki_views,wikimedia_pageviews,3943,0,3943,1.0
subprime_mortgage_crisis_wiki_views_desktop,wikimedia_pageviews,3943,0,3943,1.0
subprime_mortgage_crisis_wiki_views_mobile,wikimedia_pageviews,3943,0,3943,1.0
supply_chain_wiki_views,wikimedia_pageviews,3943,0,3943,1.0
supply_chain_wiki_views_desktop,wikimedia_pageviews,3943,0,3943,1.0
supply_chain_wiki_views_mobile,wikimedia_pageviews,3943,0,3943,1.0
tariff_wiki_views,wikimedia_pageviews,3943,0,3943,1.0
tariff_wiki_views_desktop,wikimedia_pageviews,3943,0,3943,1.0
tariff_wiki_views_mobile,wikimedia_pageviews,3943,0,3943,1.0
tourism_in_new_zealand_wiki_views,wikimedia_pageviews,3943,0,3943,1.0
tourism_in_new_zealand_wiki_views_desktop,wikimedia_pageviews,3943,0,3943,1.0
tourism_in_new_zealand_wiki_views_mobile,wikimedia_pageviews,3943,0,3943,1.0
trade_war_wiki_views,wikimedia_pageviews,3943,0,3943,1.0
trade_war_wiki_views_desktop,wikimedia_pageviews,3943,0,3943,1.0
trade_war_wiki_views_mobile,wikimedia_pageviews,3943,0,3943,1.0
trans_pacific_partnership_wiki_views,wikimedia_pageviews,3943,0,3943,1.0
trans_pacific_partnership_wiki_views_desktop,wikimedia_pageviews,3943,0,3943,1.0
trans_pacific_partnership_wiki_views_mobile,wikimedia_pageviews,3943,0,3943,1.0
treasury_security_wiki_views,wikimedia_pageviews,3943,0,3943,1.0
treasury_security_wiki_views_desktop,wikimedia_pageviews,3943,0,3943,1.0
treasury_security_wiki_views_mobile,wikimedia_pageviews,3943,0,3943,1.0
unemployment_wiki_views,wikimedia_pageviews,3943,0,3943,1.0
unemployment_wiki_views_desktop,wikimedia_pageviews,3943,0,3943,1.0
unemployment_wiki_views_mobile,wikimedia_pageviews,3943,0,3943,1.0
uranium_wiki_views,wikimedia_pageviews,3943,0,3943,1.0
uranium_wiki_views_desktop,wikimedia_pageviews,3943,0,3943,1.0
uranium_wiki_views_mobile,wikimedia_pageviews,3943,0,3943,1.0
wellington_wiki_views,wikimedia_pageviews,3943,0,3943,1.0
wellington_wiki_views_desktop,wikimedia_pageviews,3943,0,3943,1.0
wellington_wiki_views_mobile,wikimedia_pageviews,3943,0,3943,1.0
wine_wiki_views,wikimedia_pageviews,3943,0,3943,1.0
wine_wiki_views_desktop,wikimedia_pageviews,3943,0,3943,1.0
wine_wiki_views_mobile,wikimedia_pageviews,3943,0,3943,1.0
wool_wiki_views,wikimedia_pageviews,3943,0,3943,1.0
wool_wiki_views_desktop,wikimedia_pageviews,3943,0,3943,1.0
wool_wiki_views_mobile,wikimedia_pageviews,3943,0,3943,1.0
yield_curve_wiki_views,wikimedia_pageviews,3943,0,3943,1.0
yield_curve_wiki_views_desktop,wikimedia_pageviews,3943,0,3943,1.0
yield_curve_wiki_views_mobile,wikimedia_pageviews,3943,0,3943,1.0
oil_price_wiki_views,wikimedia_pageviews,3942,0,3942,1.0
oil_price_wiki_views_desktop,wikimedia_pageviews,3942,0,3942,1.0
oil_price_wiki_views_mobile,wikimedia_pageviews,3942,0,3942,1.0
housing_market_wiki_views,wikimedia_pageviews,3941,0,3941,1.0
housing_market_wiki_views_desktop,wikimedia_pageviews,3941,0,3941,1.0
housing_market_wiki_views_mobile,wikimedia_pageviews,3941,0,3941,1.0
inverted_yield_curve_wiki_views,wikimedia_pageviews,3941,0,3941,1.0
inverted_yield_curve_wiki_views_desktop,wikimedia_pageviews,3941,0,3941,1.0
inverted_yield_curve_wiki_views_mobile,wikimedia_pageviews,3941,0,3941,1.0
new_zealand_stock_exchange_wiki_views,wikimedia_pageviews,3798,0,3798,1.0
new_zealand_stock_exchange_wiki_views_desktop,wikimedia_pageviews,3798,0,3798,1.0
new_zealand_stock_exchange_wiki_views_mobile,wikimedia_pageviews,3798,0,3798,1.0
dividend,yf_prices,3275,115,1561,1.0
china%e2%80%93_united_states_trade_war_wiki_views,wikimedia_pageviews,2632,0,2632,1.0
china%e2%80%93_united_states_trade_war_wiki_views_desktop,wikimedia_pageviews,2632,0,2632,1.0
china%e2%80%93_united_states_trade_war_wiki_views_mobile,wikimedia_pageviews,2632,0,2632,1.0
whole_milk_powder_wiki_views,wikimedia_pageviews,780,0,780,1.0
whole_milk_powder_wiki_views_desktop,wikimedia_pageviews,780,0,780,1.0
whole_milk_powder_wiki_views_mobile,wikimedia_pageviews,780,0,780,1.0
oecd_bcicp,nz_business_confidence,775,0,775,1.0
long_term_interest_rates,nz_rates_fx,674,0,674,1.0
short_term_interest_rates,nz_rates_fx,628,0,628,1.0
immediate_interest_rates_call_money_interbank_rate,nz_rates_fx,494,0,494,1.0
trailing_basic_average_shares,yf_finances,491,101,39,1.0
trailing_diluted_average_shares,yf_finances,491,101,39,1.0
trailing_diluted_eps,yf_finances,490,101,38,1.0
trailing_basic_eps,yf_finances,488,101,38,1.0
oecd_ccicp,nz_business_confidence,454,0,454,1.0
nzl_general_government_final_consumption_expenditure_millions_nzd,nz_gdp,416,0,104,1.0
nzl_general_government_gross_fixed_capital_formation_millions_nzd,nz_gdp,416,0,104,1.0
nzl_nfish_final_consumption_expenditure_millions_nzd,nz_gdp,416,0,104,1.0
annual_diluted_eps,yf_finances,392,101,39,1.0
nz_labor_unemployment_age15to24_male,nz_labor_stats,392,0,28,1.0
annual_basic_average_shares,yf_finances,389,101,39,1.0
annual_basic_eps,yf_finances,389,101,38,1.0
annual_diluted_average_shares,yf_finances,387,101,38,1.0
annual_net_income,yf_finances,386,102,40,1.0
annual_net_income_common_stockholders,yf_finances,386,102,40,1.0
annual_net_income_continuous_operations,yf_finances,386,102,40,1.0
annual_net_income_from_continuing_and_discontinued_operation,yf_finances,386,102,40,1.0
annual_net_income_from_continuing_operation_net_minority_interest,yf_finances,386,102,40,1.0
annual_net_income_including_noncontrolling_interests,yf_finances,386,102,40,1.0
annual_normalized_income,yf_finances,386,102,40,1.0
annual_pretax_income,yf_finances,386,102,40,1.0
annual_tax_effect_of_unusual_items,yf_finances,386,102,40,1.0
annual_tax_provision,yf_finances,386,102,40,1.0
annual_tax_rate_for_calcs,yf_finances,386,102,40,1.0
annual_net_interest_income,yf_finances,385,102,40,1.0
nz_road_fatalities_monthly,nz_road_fatalities,383,0,383,1.0
annual_total_revenue,yf_finances,369,98,40,1.0
annual_selling_general_and_administration,yf_finances,368,100,40,1.0
annual_ebit,yf_finances,353,92,35,1.0
annual_ebitda,yf_finances,353,92,35,1.0
annual_interest_expense,yf_finances,353,97,40,1.0
annual_normalized_ebitda,yf_finances,353,92,35,1.0
annual_general_and_administrative_expense,yf_finances,352,97,40,1.0
annual_interest_income,yf_finances,349,98,37,1.0
annual_reconciled_depreciation,yf_finances,341,92,35,1.0
annual_depreciation_and_amortization_in_income_statement,yf_finances,337,91,35,1.0
annual_depreciation_income_statement,yf_finances,336,90,35,1.0
annual_depreciation_amortization_depletion_income_statement,yf_finances,329,89,35,1.0
annual_other_non_operating_income_expenses,yf_finances,324,90,35,1.0
annual_amortization,yf_finances,254,73,32,1.0
annual_salaries_and_wages,yf_finances,254,71,30,1.0
annual_amortization_of_intangibles_income_statement,yf_finances,252,72,32,1.0
nz_labor_unemployment_not_worked_age15_plus_male,nz_labor_stats,226,0,28,1.0
new_registrations_goods_road_motor_vehicles,nz_vehicle_registrations,221,0,221,1.0
nz_labor_population_age15to24_female,nz_labor_stats,210,0,30,1.0
nz_labor_population_age15to24_male,nz_labor_stats,210,0,30,1.0
nz_labor_population_age15to24_total,nz_labor_stats,210,0,30,1.0
bop_current_account_balance_revenue_minus_expenditure_sa,nz_balance_of_payments,208,0,104,1.0
bop_current_account_expenditure_sa,nz_balance_of_payments,208,0,104,1.0
bop_current_account_revenue_sa,nz_balance_of_payments,208,0,104,1.0
bop_goods_balance_revenue_minus_expenditure_sa,nz_balance_of_payments,208,0,104,1.0
bop_goods_expenditure_sa,nz_balance_of_payments,208,0,104,1.0
bop_goods_revenue_sa,nz_balance_of_payments,208,0,104,1.0
bop_primary_income_balance_revenue_minus_expenditure_sa,nz_balance_of_payments,208,0,104,1.0
bop_primary_income_expenditure_sa,nz_balance_of_payments,208,0,104,1.0
bop_primary_income_revenue_sa,nz_balance_of_payments,208,0,104,1.0
bop_secondary_income_balance_revenue_minus_expenditure_sa,nz_balance_of_payments,208,0,104,1.0
bop_secondary_income_expenditure_sa,nz_balance_of_payments,208,0,104,1.0
bop_secondary_income_revenue_sa,nz_balance_of_payments,208,0,104,1.0
bop_services_balance_revenue_minus_expenditure_sa,nz_balance_of_payments,208,0,104,1.0
bop_services_expenditure_sa,nz_balance_of_payments,208,0,104,1.0
bop_services_revenue_sa,nz_balance_of_payments,208,0,104,1.0
nz_labor_population_age15_plus_female,nz_labor_stats,203,0,29,1.0
nz_labor_population_age15_plus_male,nz_labor_stats,203,0,29,1.0
nz_labor_population_age15_plus_total,nz_labor_stats,203,0,29,1.0
nz_labor_population_age15to64_female,nz_labor_stats,203,0,29,1.0
nz_labor_population_age15to64_male,nz_labor_stats,203,0,29,1.0
nz_labor_population_age15to64_total,nz_labor_stats,203,0,29,1.0
nz_labor_employment_age15_plus_female,nz_labor_stats,196,0,28,1.0
nz_labor_employment_age15_plus_male,nz_labor_stats,196,0,28,1.0
nz_labor_employment_age15_plus_total,nz_labor_stats,196,0,28,1.0
nz_labor_employment_pop_ratio_age15_plus_female,nz_labor_stats,196,0,28,1.0
nz_labor_employment_pop_ratio_age15_plus_male,nz_labor_stats,196,0,28,1.0
nz_labor_employment_pop_ratio_age15_plus_total,nz_labor_stats,196,0,28,1.0
nz_labor_employment_pop_ratio_gap_age15_plus_male,nz_labor_stats,196,0,28,1.0
nz_labor_labor_force_age15_plus_female,nz_labor_stats,196,0,28,1.0
nz_labor_labor_force_age15_plus_male,nz_labor_stats,196,0,28,1.0
nz_labor_labor_force_age15_plus_total,nz_labor_stats,196,0,28,1.0
nz_labor_labor_force_age15to24_male,nz_labor_stats,196,0,28,1.0
nz_labor_lfparticipation_gap_age15_plus_male,nz_labor_stats,196,0,28,1.0
nz_labor_lfparticipation_rate_age15_plus_female,nz_labor_stats,196,0,28,1.0
nz_labor_lfparticipation_rate_age15_plus_male,nz_labor_stats,196,0,28,1.0
nz_labor_lfparticipation_rate_age15_plus_total,nz_labor_stats,196,0,28,1.0
nz_labor_unemployment_age15_plus_female,nz_labor_stats,196,0,28,1.0
nz_labor_unemployment_age15_plus_male,nz_labor_stats,196,0,28,1.0
nz_labor_unemployment_age15_plus_total,nz_labor_stats,196,0,28,1.0
nz_labor_unemployment_rate_age15_plus_female,nz_labor_stats,196,0,28,1.0
nz_labor_unemployment_rate_age15_plus_male,nz_labor_stats,196,0,28,1.0
nz_labor_unemployment_rate_age15_plus_total,nz_labor_stats,196,0,28,1.0
nz_labor_youth_unemployment_ratio_age15_plus_male,nz_labor_stats,196,0,28,1.0
annual_selling_and_marketing_expense,yf_finances,179,54,34,1.0
annual_other_gand_a,yf_finances,169,54,28,1.0
annual_total_unusual_items,yf_finances,155,60,29,1.0
annual_total_unusual_items_excluding_goodwill,yf_finances,155,60,29,1.0
annual_special_income_charges,yf_finances,153,60,29,1.0
nz_labor_employment_age15to64_female,nz_labor_stats,152,0,26,1.0
nz_labor_employment_age15to64_male,nz_labor_stats,152,0,26,1.0
nz_labor_employment_age15to64_total,nz_labor_stats,152,0,26,1.0
nz_labor_employment_pop_ratio_age15to64_female,nz_labor_stats,152,0,26,1.0
nz_labor_employment_pop_ratio_age15to64_male,nz_labor_stats,152,0,26,1.0
nz_labor_employment_pop_ratio_age15to64_total,nz_labor_stats,152,0,26,1.0
nz_labor_employment_pop_ratio_gap_age15to64_male,nz_labor_stats,152,0,26,1.0
nz_labor_labor_force_age15to64_female,nz_labor_stats,152,0,26,1.0
nz_labor_labor_force_age15to64_male,nz_labor_stats,152,0,26,1.0
nz_labor_labor_force_age15to64_total,nz_labor_stats,152,0,26,1.0
nz_labor_lfparticipation_gap_age15to64_male,nz_labor_stats,152,0,26,1.0
nz_labor_lfparticipation_rate_age15to64_female,nz_labor_stats,152,0,26,1.0
nz_labor_lfparticipation_rate_age15to64_male,nz_labor_stats,152,0,26,1.0
nz_labor_lfparticipation_rate_age15to64_total,nz_labor_stats,152,0,26,1.0
nz_labor_unemployment_age15to64_female,nz_labor_stats,152,0,26,1.0
nz_labor_unemployment_age15to64_male,nz_labor_stats,152,0,26,1.0
nz_labor_unemployment_age15to64_total,nz_labor_stats,152,0,26,1.0
nz_labor_unemployment_rate_age15to64_female,nz_labor_stats,152,0,26,1.0
nz_labor_unemployment_rate_age15to64_male,nz_labor_stats,152,0,26,1.0
nz_labor_unemployment_rate_age15to64_total,nz_labor_stats,152,0,26,1.0
nz_labor_youth_unemployment_ratio_age15to64_male,nz_labor_stats,152,0,26,1.0
trailing_net_income_from_continuing_and_discontinued_operation,yf_finances,116,101,17,1.0
trailing_net_income_including_noncontrolling_interests,yf_finances,116,101,17,1.0
trailing_tax_provision,yf_finances,116,101,16,1.0
trailing_normalized_income,yf_finances,115,101,18,1.0
trailing_tax_rate_for_calcs,yf_finances,115,101,16,1.0
trailing_net_income,yf_finances,114,101,15,1.0
trailing_net_income_common_stockholders,yf_finances,114,101,14,1.0
trailing_net_income_from_continuing_operation_net_minority_interest,yf_finances,114,101,16,1.0
nz_labor_unemployment_rate_not_worked_age15_plus_male,nz_labor_stats,113,0,28,1.0
trailing_interest_income,yf_finances,113,90,18,1.0
trailing_net_income_continuous_operations,yf_finances,113,101,15,1.0
trailing_net_interest_income,yf_finances,113,100,16,1.0
trailing_selling_general_and_administration,yf_finances,113,96,20,1.0
trailing_tax_effect_of_unusual_items,yf_finances,113,101,15,1.0
trailing_general_and_administrative_expense,yf_finances,109,91,21,1.0
trailing_total_revenue,yf_finances,109,98,17,1.0
trailing_normalized_ebitda,yf_finances,106,92,16,1.0
annual_impairment_of_capital_assets,yf_finances,104,48,21,1.0
bop_capital_account_balance_revenue_minus_expenditure_sa,nz_balance_of_payments,104,0,104,1.0
bop_capital_account_expenditure_sa,nz_balance_of_payments,104,0,104,1.0
bop_capital_account_revenue_sa,nz_balance_of_payments,104,0,104,1.0
bop_goods_acquired_under_merchanting_balance_revenue_minus_expenditure_sa,nz_balance_of_payments,104,0,104,1.0
bop_goods_acquired_under_merchanting_revenue_sa,nz_balance_of_payments,104,0,104,1.0
bop_goods_sold_under_merchanting_balance_revenue_minus_expenditure_sa,nz_balance_of_payments,104,0,104,1.0
bop_goods_sold_under_merchanting_revenue_sa,nz_balance_of_payments,104,0,104,1.0
bop_net_exports_of_goods_under_merchanting_balance_revenue_minus_expenditure_sa,nz_balance_of_payments,104,0,104,1.0
bop_net_exports_of_goods_under_merchanting_revenue_sa,nz_balance_of_payments,104,0,104,1.0
trailing_ebitda,yf_finances,104,92,15,1.0
bop_direct_investment_assets_or_net_acquisition_of_assets_sa,nz_balance_of_payments,103,0,103,1.0
bop_direct_investment_liabilities_or_net_incurrence_of_liabilities_sa,nz_balance_of_payments,103,0,103,1.0
bop_direct_investment_net_assets_minus_liabilities_sa,nz_balance_of_payments,103,0,103,1.0
bop_financial_account_assets_or_net_acquisition_of_assets_sa,nz_balance_of_payments,103,0,103,1.0
bop_financial_account_liabilities_or_net_incurrence_of_liabilities_sa,nz_balance_of_payments,103,0,103,1.0
bop_financial_account_net_assets_minus_liabilities_sa,nz_balance_of_payments,103,0,103,1.0
bop_financial_derivatives_net_assets_minus_liabilities_sa,nz_balance_of_payments,103,0,103,1.0
bop_net_errors_and_omissions_net_assets_minus_liabilities_sa,nz_balance_of_payments,103,0,103,1.0
bop_other_investment_assets_or_net_acquisition_of_assets_sa,nz_balance_of_payments,103,0,103,1.0
bop_other_investment_liabilities_or_net_incurrence_of_liabilities_sa,nz_balance_of_payments,103,0,103,1.0
bop_other_investment_net_assets_minus_liabilities_sa,nz_balance_of_payments,103,0,103,1.0
bop_portfolio_investment_assets_or_net_acquisition_of_assets_sa,nz_balance_of_payments,103,0,103,1.0
bop_portfolio_investment_liabilities_or_net_incurrence_of_liabilities_sa,nz_balance_of_payments,103,0,103,1.0
bop_portfolio_investment_net_assets_minus_liabilities_sa,nz_balance_of_payments,103,0,103,1.0
bop_reserve_assets_assets_or_net_acquisition_of_assets_sa,nz_balance_of_payments,103,0,103,1.0
trailing_ebit,yf_finances,102,92,15,1.0
trailing_interest_expense,yf_finances,101,89,19,1.0
trailing_other_non_operating_income_expenses,yf_finances,100,83,20,1.0
annual_rent_and_landing_fees,yf_finances,98,32,20,1.0
trailing_depreciation_and_amortization_in_income_statement,yf_finances,97,86,14,1.0
trailing_reconciled_depreciation,yf_finances,97,86,15,1.0
trailing_depreciation_income_statement,yf_finances,96,86,15,1.0
trailing_depreciation_amortization_depletion_income_statement,yf_finances,94,84,16,1.0
split,yf_prices,83,46,80,1.0
annual_minority_interests,yf_finances,79,25,23,1.0
trailing_total_unusual_items,yf_finances,74,53,14,1.0
trailing_total_unusual_items_excluding_goodwill,yf_finances,73,53,14,1.0
trailing_salaries_and_wages,yf_finances,70,63,11,1.0
trailing_amortization,yf_finances,66,56,15,1.0
trailing_amortization_of_intangibles_income_statement,yf_finances,66,57,15,1.0
new_registrations_passenger_cars,nz_vehicle_registrations,61,0,61,1.0
trailing_selling_and_marketing_expense,yf_finances,55,47,17,1.0
trailing_other_gand_a,yf_finances,51,43,14,1.0
trailing_special_income_charges,yf_finances,47,37,13,1.0
trailing_impairment_of_capital_assets,yf_finances,39,32,10,1.0
annual_non_interest_income,yf_finances,35,10,24,1.0
annual_fees_and_commissions,yf_finances,31,9,21,1.0
annual_diluted_niavailto_com_stockholders,yf_finances,30,8,23,1.0
annual_net_income_discontinuous_operations,yf_finances,27,13,18,1.0
annual_dividend_income,yf_finances,25,8,19,1.0
nz_labor_tax_average_income_tax_rate_percentage_of_gross_wage_earnings_single_person_2_children_67%_of_average_wage,nz_labor_taxation,25,0,25,1.0
nz_labor_tax_average_income_tax_rate_percentage_of_gross_wage_earnings_single_person_no_children_100%_of_average_wage,nz_labor_taxation,25,0,25,1.0
nz_labor_tax_average_income_tax_rate_percentage_of_gross_wage_earnings_single_person_no_children_167%_of_average_wage,nz_labor_taxation,25,0,25,1.0
nz_labor_tax_average_income_tax_rate_percentage_of_gross_wage_earnings_single_person_no_children_67%_of_average_wage,nz_labor_taxation,25,0,25,1.0
nz_labor_tax_average_rate_of_employees'_social_security_contributions_percentage_of_gross_wage_earnings_single_person_2_children_67%_of_average_wage,nz_labor_taxation,25,0,25,1.0
nz_labor_tax_average_rate_of_employees'_social_security_contributions_percentage_of_gross_wage_earnings_single_person_no_children_100%_of_average_wage,nz_labor_taxation,25,0,25,1.0
nz_labor_tax_average_rate_of_employees'_social_security_contributions_percentage_of_gross_wage_earnings_single_person_no_children_167%_of_average_wage,nz_labor_taxation,25,0,25,1.0
nz_labor_tax_average_rate_of_employees'_social_security_contributions_percentage_of_gross_wage_earnings_single_person_no_children_67%_of_average_wage,nz_labor_taxation,25,0,25,1.0
nz_labor_tax_average_rate_of_employer's_social_security_contributions_percentage_of_gross_wage_earnings_single_person_2_children_67%_of_average_wage,nz_labor_taxation,25,0,25,1.0
nz_labor_tax_average_rate_of_employer's_social_security_contributions_percentage_of_gross_wage_earnings_single_person_no_children_100%_of_average_wage,nz_labor_taxation,25,0,25,1.0
nz_labor_tax_average_rate_of_employer's_social_security_contributions_percentage_of_gross_wage_earnings_single_person_no_children_167%_of_average_wage,nz_labor_taxation,25,0,25,1.0
nz_labor_tax_average_rate_of_employer's_social_security_contributions_percentage_of_gross_wage_earnings_single_person_no_children_67%_of_average_wage,nz_labor_taxation,25,0,25,1.0
nz_labor_tax_average_tax_wedge_percentage_of_labour_costs_single_person_2_children_67%_of_average_wage,nz_labor_taxation,25,0,25,1.0
nz_labor_tax_average_tax_wedge_percentage_of_labour_costs_single_person_no_children_100%_of_average_wage,nz_labor_taxation,25,0,25,1.0
nz_labor_tax_average_tax_wedge_percentage_of_labour_costs_single_person_no_children_167%_of_average_wage,nz_labor_taxation,25,0,25,1.0
nz_labor_tax_average_tax_wedge_percentage_of_labour_costs_single_person_no_children_67%_of_average_wage,nz_labor_taxation,25,0,25,1.0
nz_labor_tax_basic_tax_credit_national_currency_single_person_2_children_67%_of_average_wage,nz_labor_taxation,25,0,25,1.0
nz_labor_tax_basic_tax_credit_national_currency_single_person_no_children_100%_of_average_wage,nz_labor_taxation,25,0,25,1.0
nz_labor_tax_basic_tax_credit_national_currency_single_person_no_children_167%_of_average_wage,nz_labor_taxation,25,0,25,1.0
nz_labor_tax_basic_tax_credit_national_currency_single_person_no_children_67%_of_average_wage,nz_labor_taxation,25,0,25,1.0
nz_labor_tax_cash_transfers_for_two_children_national_currency_single_person_2_children_67%_of_average_wage,nz_labor_taxation,25,0,25,1.0
nz_labor_tax_cash_transfers_for_two_children_national_currency_single_person_no_children_100%_of_average_wage,nz_labor_taxation,25,0,25,1.0
nz_labor_tax_cash_transfers_for_two_children_national_currency_single_person_no_children_167%_of_average_wage,nz_labor_taxation,25,0,25,1.0
nz_labor_tax_cash_transfers_for_two_children_national_currency_single_person_no_children_67%_of_average_wage,nz_labor_taxation,25,0,25,1.0
nz_labor_tax_cash_transfers_from_general_government_national_currency_single_person_2_children_67%_of_average_wage,nz_labor_taxation,25,0,25,1.0
nz_labor_tax_cash_transfers_from_general_government_national_currency_single_person_no_children_100%_of_average_wage,nz_labor_taxation,25,0,25,1.0
nz_labor_tax_cash_transfers_from_general_government_national_currency_single_person_no_children_167%_of_average_wage,nz_labor_taxation,25,0,25,1.0
nz_labor_tax_cash_transfers_from_general_government_national_currency_single_person_no_children_67%_of_average_wage,nz_labor_taxation,25,0,25,1.0
nz_labor_tax_cash_transfers_percentage_of_labour_costs_single_person_2_children_67%_of_average_wage,nz_labor_taxation,25,0,25,1.0
nz_labor_tax_cash_transfers_percentage_of_labour_costs_single_person_no_children_100%_of_average_wage,nz_labor_taxation,25,0,25,1.0
nz_labor_tax_cash_transfers_percentage_of_labour_costs_single_person_no_children_167%_of_average_wage,nz_labor_taxation,25,0,25,1.0
nz_labor_tax_cash_transfers_percentage_of_labour_costs_single_person_no_children_67%_of_average_wage,nz_labor_taxation,25,0,25,1.0
nz_labor_tax_central_government_income_tax_finally_paid_national_currency_single_person_2_children_67%_of_average_wage,nz_labor_taxation,25,0,25,1.0
nz_labor_tax_central_government_income_tax_finally_paid_national_currency_single_person_no_children_100%_of_average_wage,nz_labor_taxation,25,0,25,1.0
nz_labor_tax_central_government_income_tax_finally_paid_national_currency_single_person_no_children_167%_of_average_wage,nz_labor_taxation,25,0,25,1.0
nz_labor_tax_central_government_income_tax_finally_paid_national_currency_single_person_no_children_67%_of_average_wage,nz_labor_taxation,25,0,25,1.0
nz_labor_tax_central_government_income_tax_liability_exclusive_of_tax_credits_national_currency_single_person_2_children_67%_of_average_wage,nz_labor_taxation,25,0,25,1.0
nz_labor_tax_central_government_income_tax_liability_exclusive_of_tax_credits_national_currency_single_person_no_children_100%_of_average_wage,nz_labor_taxation,25,0,25,1.0
nz_labor_tax_central_government_income_tax_liability_exclusive_of_tax_credits_national_currency_single_person_no_children_167%_of_average_wage,nz_labor_taxation,25,0,25,1.0
nz_labor_tax_central_government_income_tax_liability_exclusive_of_tax_credits_national_currency_single_person_no_children_67%_of_average_wage,nz_labor_taxation,25,0,25,1.0
nz_labor_tax_central_government_taxable_income_national_currency_single_person_2_children_67%_of_average_wage,nz_labor_taxation,25,0,25,1.0
nz_labor_tax_central_government_taxable_income_national_currency_single_person_no_children_100%_of_average_wage,nz_labor_taxation,25,0,25,1.0
nz_labor_tax_central_government_taxable_income_national_currency_single_person_no_children_167%_of_average_wage,nz_labor_taxation,25,0,25,1.0
nz_labor_tax_central_government_taxable_income_national_currency_single_person_no_children_67%_of_average_wage,nz_labor_taxation,25,0,25,1.0
nz_labor_tax_employee_social_security_contributions_percentage_of_labour_costs_single_person_2_children_67%_of_average_wage,nz_labor_taxation,25,0,25,1.0
nz_labor_tax_employee_social_security_contributions_percentage_of_labour_costs_single_person_no_children_100%_of_average_wage,nz_labor_taxation,25,0,25,1.0
nz_labor_tax_employee_social_security_contributions_percentage_of_labour_costs_single_person_no_children_167%_of_average_wage,nz_labor_taxation,25,0,25,1.0
nz_labor_tax_employee_social_security_contributions_percentage_of_labour_costs_single_person_no_children_67%_of_average_wage,nz_labor_taxation,25,0,25,1.0
nz_labor_tax_employees'_compulsory_social_security_contributions_national_currency_single_person_2_children_67%_of_average_wage,nz_labor_taxation,25,0,25,1.0
nz_labor_tax_employees'_compulsory_social_security_contributions_national_currency_single_person_no_children_100%_of_average_wage,nz_labor_taxation,25,0,25,1.0
nz_labor_tax_employees'_compulsory_social_security_contributions_national_currency_single_person_no_children_167%_of_average_wage,nz_labor_taxation,25,0,25,1.0
nz_labor_tax_employees'_compulsory_social_security_contributions_national_currency_single_person_no_children_67%_of_average_wage,nz_labor_taxation,25,0,25,1.0
nz_labor_tax_employees'_compulsory_social_security_contributions_payable_on_gross_earnings_national_currency_single_person_2_children_67%_of_average_wage,nz_labor_taxation,25,0,25,1.0
nz_labor_tax_employees'_compulsory_social_security_contributions_payable_on_gross_earnings_national_currency_single_person_no_children_100%_of_average_wage,nz_labor_taxation,25,0,25,1.0
nz_labor_tax_employees'_compulsory_social_security_contributions_payable_on_gross_earnings_national_currency_single_person_no_children_167%_of_average_wage,nz_labor_taxation,25,0,25,1.0
nz_labor_tax_employees'_compulsory_social_security_contributions_payable_on_gross_earnings_national_currency_single_person_no_children_67%_of_average_wage,nz_labor_taxation,25,0,25,1.0
nz_labor_tax_employer_social_security_contributions_percentage_of_labour_costs_single_person_2_children_67%_of_average_wage,nz_labor_taxation,25,0,25,1.0
nz_labor_tax_employer_social_security_contributions_percentage_of_labour_costs_single_person_no_children_100%_of_average_wage,nz_labor_taxation,25,0,25,1.0
nz_labor_tax_employer_social_security_contributions_percentage_of_labour_costs_single_person_no_children_167%_of_average_wage,nz_labor_taxation,25,0,25,1.0
nz_labor_tax_employer_social_security_contributions_percentage_of_labour_costs_single_person_no_children_67%_of_average_wage,nz_labor_taxation,25,0,25,1.0
nz_labor_tax_employers'_compulsory_social_security_contributions_national_currency_single_person_2_children_67%_of_average_wage,nz_labor_taxation,25,0,25,1.0
nz_labor_tax_employers'_compulsory_social_security_contributions_national_currency_single_person_no_children_100%_of_average_wage,nz_labor_taxation,25,0,25,1.0
nz_labor_tax_employers'_compulsory_social_security_contributions_national_currency_single_person_no_children_167%_of_average_wage,nz_labor_taxation,25,0,25,1.0
nz_labor_tax_employers'_compulsory_social_security_contributions_national_currency_single_person_no_children_67%_of_average_wage,nz_labor_taxation,25,0,25,1.0
nz_labor_tax_gross_earnings_before_taxes_national_currency_single_person_2_children_67%_of_average_wage,nz_labor_taxation,25,0,25,1.0
nz_labor_tax_gross_earnings_before_taxes_national_currency_single_person_no_children_100%_of_average_wage,nz_labor_taxation,25,0,25,1.0
nz_labor_tax_gross_earnings_before_taxes_national_currency_single_person_no_children_167%_of_average_wage,nz_labor_taxation,25,0,25,1.0
nz_labor_tax_gross_earnings_before_taxes_national_currency_single_person_no_children_67%_of_average_wage,nz_labor_taxation,25,0,25,1.0
nz_labor_tax_income_tax_percentage_of_labour_costs_single_person_2_children_67%_of_average_wage,nz_labor_taxation,25,0,25,1.0
nz_labor_tax_income_tax_percentage_of_labour_costs_single_person_no_children_100%_of_average_wage,nz_labor_taxation,25,0,25,1.0
nz_labor_tax_income_tax_percentage_of_labour_costs_single_person_no_children_167%_of_average_wage,nz_labor_taxation,25,0,25,1.0
nz_labor_tax_income_tax_percentage_of_labour_costs_single_person_no_children_67%_of_average_wage,nz_labor_taxation,25,0,25,1.0
nz_labor_tax_labour_costs_national_currency_single_person_2_children_67%_of_average_wage,nz_labor_taxation,25,0,25,1.0
nz_labor_tax_labour_costs_national_currency_single_person_no_children_100%_of_average_wage,nz_labor_taxation,25,0,25,1.0
nz_labor_tax_labour_costs_national_currency_single_person_no_children_167%_of_average_wage,nz_labor_taxation,25,0,25,1.0
nz_labor_tax_labour_costs_national_currency_single_person_no_children_67%_of_average_wage,nz_labor_taxation,25,0,25,1.0
nz_labor_tax_marginal_tax_wedge_of_the_principal_earner_percentage_of_labour_costs_single_person_2_children_67%_of_average_wage,nz_labor_taxation,25,0,25,1.0
nz_labor_tax_marginal_tax_wedge_of_the_principal_earner_percentage_of_labour_costs_single_person_no_children_100%_of_average_wage,nz_labor_taxation,25,0,25,1.0
nz_labor_tax_marginal_tax_wedge_of_the_principal_earner_percentage_of_labour_costs_single_person_no_children_167%_of_average_wage,nz_labor_taxation,25,0,25,1.0
nz_labor_tax_marginal_tax_wedge_of_the_principal_earner_percentage_of_labour_costs_single_person_no_children_67%_of_average_wage,nz_labor_taxation,25,0,25,1.0
nz_labor_tax_net_personal_average_tax_rate_percentage_of_gross_wage_earnings_single_person_2_children_67%_of_average_wage,nz_labor_taxation,25,0,25,1.0
nz_labor_tax_net_personal_average_tax_rate_percentage_of_gross_wage_earnings_single_person_no_children_100%_of_average_wage,nz_labor_taxation,25,0,25,1.0
nz_labor_tax_net_personal_average_tax_rate_percentage_of_gross_wage_earnings_single_person_no_children_167%_of_average_wage,nz_labor_taxation,25,0,25,1.0
nz_labor_tax_net_personal_average_tax_rate_percentage_of_gross_wage_earnings_single_person_no_children_67%_of_average_wage,nz_labor_taxation,25,0,25,1.0
nz_labor_tax_net_personal_marginal_tax_rate_of_the_principal_earner_percentage_of_gross_wage_earnings_single_person_2_children_67%_of_average_wage,nz_labor_taxation,25,0,25,1.0
nz_labor_tax_net_personal_marginal_tax_rate_of_the_principal_earner_percentage_of_gross_wage_earnings_single_person_no_children_100%_of_average_wage,nz_labor_taxation,25,0,25,1.0
nz_labor_tax_net_personal_marginal_tax_rate_of_the_principal_earner_percentage_of_gross_wage_earnings_single_person_no_children_167%_of_average_wage,nz_labor_taxation,25,0,25,1.0
nz_labor_tax_net_personal_marginal_tax_rate_of_the_principal_earner_percentage_of_gross_wage_earnings_single_person_no_children_67%_of_average_wage,nz_labor_taxation,25,0,25,1.0
nz_labor_tax_standard_tax_allowances_national_currency_single_person_2_children_67%_of_average_wage,nz_labor_taxation,25,0,25,1.0
nz_labor_tax_standard_tax_allowances_national_currency_single_person_no_children_100%_of_average_wage,nz_labor_taxation,25,0,25,1.0
nz_labor_tax_standard_tax_allowances_national_currency_single_person_no_children_167%_of_average_wage,nz_labor_taxation,25,0,25,1.0
nz_labor_tax_standard_tax_allowances_national_currency_single_person_no_children_67%_of_average_wage,nz_labor_taxation,25,0,25,1.0
nz_labor_tax_state_and_local_taxes_national_currency_single_person_2_children_67%_of_average_wage,nz_labor_taxation,25,0,25,1.0
nz_labor_tax_state_and_local_taxes_national_currency_single_person_no_children_100%_of_average_wage,nz_labor_taxation,25,0,25,1.0
nz_labor_tax_state_and_local_taxes_national_currency_single_person_no_children_167%_of_average_wage,nz_labor_taxation,25,0,25,1.0
nz_labor_tax_state_and_local_taxes_national_currency_single_person_no_children_67%_of_average_wage,nz_labor_taxation,25,0,25,1.0
nz_labor_tax_take_home_pay_national_currency_single_person_2_children_67%_of_average_wage,nz_labor_taxation,25,0,25,1.0
nz_labor_tax_take_home_pay_national_currency_single_person_no_children_100%_of_average_wage,nz_labor_taxation,25,0,25,1.0
nz_labor_tax_take_home_pay_national_currency_single_person_no_children_167%_of_average_wage,nz_labor_taxation,25,0,25,1.0
nz_labor_tax_take_home_pay_national_currency_single_person_no_children_67%_of_average_wage,nz_labor_taxation,25,0,25,1.0
nz_labor_tax_tax_credits_national_currency_single_person_2_children_67%_of_average_wage,nz_labor_taxation,25,0,25,1.0
nz_labor_tax_tax_credits_national_currency_single_person_no_children_100%_of_average_wage,nz_labor_taxation,25,0,25,1.0
nz_labor_tax_tax_credits_national_currency_single_person_no_children_167%_of_average_wage,nz_labor_taxation,25,0,25,1.0
nz_labor_tax_tax_credits_national_currency_single_person_no_children_67%_of_average_wage,nz_labor_taxation,25,0,25,1.0
nz_labor_tax_tax_credits_or_cash_transfers_included_in_taxable_income_national_currency_single_person_2_children_67%_of_average_wage,nz_labor_taxation,25,0,25,1.0
nz_labor_tax_tax_credits_or_cash_transfers_included_in_taxable_income_national_currency_single_person_no_children_100%_of_average_wage,nz_labor_taxation,25,0,25,1.0
nz_labor_tax_tax_credits_or_cash_transfers_included_in_taxable_income_national_currency_single_person_no_children_167%_of_average_wage,nz_labor_taxation,25,0,25,1.0
nz_labor_tax_tax_credits_or_cash_transfers_included_in_taxable_income_national_currency_single_person_no_children_67%_of_average_wage,nz_labor_taxation,25,0,25,1.0
nz_labor_tax_total_payments_to_general_government_national_currency_single_person_2_children_67%_of_average_wage,nz_labor_taxation,25,0,25,1.0
nz_labor_tax_total_payments_to_general_government_national_currency_single_person_no_children_100%_of_average_wage,nz_labor_taxation,25,0,25,1.0
nz_labor_tax_total_payments_to_general_government_national_currency_single_person_no_children_167%_of_average_wage,nz_labor_taxation,25,0,25,1.0
nz_labor_tax_total_payments_to_general_government_national_currency_single_person_no_children_67%_of_average_wage,nz_labor_taxation,25,0,25,1.0
nz_tax_taxes_on_goods_and_services_central_government_national_currency,nz_tax_revenue,25,0,25,1.0
nz_tax_taxes_on_goods_and_services_central_government_percentage_of_gdp,nz_tax_revenue,25,0,25,1.0
nz_tax_taxes_on_goods_and_services_central_government_percentage_of_revenues_in_the_same_institutional_sector,nz_tax_revenue,25,0,25,1.0
nz_tax_taxes_on_goods_and_services_central_government_us_dollar,nz_tax_revenue,25,0,25,1.0
nz_tax_taxes_on_goods_and_services_general_government_national_currency,nz_tax_revenue,25,0,25,1.0
nz_tax_taxes_on_goods_and_services_general_government_percentage_of_gdp,nz_tax_revenue,25,0,25,1.0
nz_tax_taxes_on_goods_and_services_general_government_percentage_of_revenues_in_the_same_institutional_sector,nz_tax_revenue,25,0,25,1.0
nz_tax_taxes_on_goods_and_services_general_government_us_dollar,nz_tax_revenue,25,0,25,1.0
nz_tax_taxes_on_goods_and_services_local_government_national_currency,nz_tax_revenue,25,0,25,1.0
nz_tax_taxes_on_goods_and_services_local_government_percentage_of_gdp,nz_tax_revenue,25,0,25,1.0
nz_tax_taxes_on_goods_and_services_local_government_percentage_of_revenues_in_the_same_institutional_sector,nz_tax_revenue,25,0,25,1.0
nz_tax_taxes_on_goods_and_services_local_government_us_dollar,nz_tax_revenue,25,0,25,1.0
nz_tax_taxes_on_income_profits_and_capital_gains_of_individuals_and_corporations_central_government_national_currency,nz_tax_revenue,25,0,25,1.0
nz_tax_taxes_on_income_profits_and_capital_gains_of_individuals_and_corporations_central_government_percentage_of_gdp,nz_tax_revenue,25,0,25,1.0
nz_tax_taxes_on_income_profits_and_capital_gains_of_individuals_and_corporations_central_government_percentage_of_revenues_in_the_same_institutional_sector,nz_tax_revenue,25,0,25,1.0
nz_tax_taxes_on_income_profits_and_capital_gains_of_individuals_and_corporations_central_government_us_dollar,nz_tax_revenue,25,0,25,1.0
nz_tax_taxes_on_income_profits_and_capital_gains_of_individuals_and_corporations_general_government_national_currency,nz_tax_revenue,25,0,25,1.0
nz_tax_taxes_on_income_profits_and_capital_gains_of_individuals_and_corporations_general_government_percentage_of_gdp,nz_tax_revenue,25,0,25,1.0
nz_tax_taxes_on_income_profits_and_capital_gains_of_individuals_and_corporations_general_government_percentage_of_revenues_in_the_same_institutional_sector,nz_tax_revenue,25,0,25,1.0
nz_tax_taxes_on_income_profits_and_capital_gains_of_individuals_and_corporations_general_government_us_dollar,nz_tax_revenue,25,0,25,1.0
nz_tax_taxes_on_property_central_government_national_currency,nz_tax_revenue,25,0,25,1.0
nz_tax_taxes_on_property_central_government_percentage_of_gdp,nz_tax_revenue,25,0,25,1.0
nz_tax_taxes_on_property_central_government_percentage_of_revenues_in_the_same_institutional_sector,nz_tax_revenue,25,0,25,1.0
nz_tax_taxes_on_property_central_government_us_dollar,nz_tax_revenue,25,0,25,1.0
nz_tax_taxes_on_property_general_government_national_currency,nz_tax_revenue,25,0,25,1.0
nz_tax_taxes_on_property_general_government_percentage_of_gdp,nz_tax_revenue,25,0,25,1.0
nz_tax_taxes_on_property_general_government_percentage_of_revenues_in_the_same_institutional_sector,nz_tax_revenue,25,0,25,1.0
nz_tax_taxes_on_property_general_government_us_dollar,nz_tax_revenue,25,0,25,1.0
nz_tax_taxes_on_property_local_government_national_currency,nz_tax_revenue,25,0,25,1.0
nz_tax_taxes_on_property_local_government_percentage_of_gdp,nz_tax_revenue,25,0,25,1.0
nz_tax_taxes_on_property_local_government_percentage_of_revenues_in_the_same_institutional_sector,nz_tax_revenue,25,0,25,1.0
nz_tax_taxes_on_property_local_government_us_dollar,nz_tax_revenue,25,0,25,1.0
nz_tax_total_tax_revenue_central_government_national_currency,nz_tax_revenue,25,0,25,1.0
nz_tax_total_tax_revenue_central_government_percentage_of_gdp,nz_tax_revenue,25,0,25,1.0
nz_tax_total_tax_revenue_central_government_percentage_of_revenues_in_the_same_institutional_sector,nz_tax_revenue,25,0,25,1.0
nz_tax_total_tax_revenue_central_government_us_dollar,nz_tax_revenue,25,0,25,1.0
nz_tax_total_tax_revenue_general_government_national_currency,nz_tax_revenue,25,0,25,1.0
nz_tax_total_tax_revenue_general_government_percentage_of_gdp,nz_tax_revenue,25,0,25,1.0
nz_tax_total_tax_revenue_general_government_percentage_of_revenues_in_the_same_institutional_sector,nz_tax_revenue,25,0,25,1.0
nz_tax_total_tax_revenue_general_government_us_dollar,nz_tax_revenue,25,0,25,1.0
nz_tax_total_tax_revenue_local_government_national_currency,nz_tax_revenue,25,0,25,1.0
nz_tax_total_tax_revenue_local_government_percentage_of_gdp,nz_tax_revenue,25,0,25,1.0
nz_tax_total_tax_revenue_local_government_percentage_of_revenues_in_the_same_institutional_sector,nz_tax_revenue,25,0,25,1.0
nz_tax_total_tax_revenue_local_government_us_dollar,nz_tax_revenue,25,0,25,1.0
nz_pensions_investment_national_currency,nz_pensions,24,0,24,1.0
nz_pensions_investment_percentage_of_gdp,nz_pensions,24,0,24,1.0
nz_pensions_investment_us_dollar,nz_pensions,24,0,24,1.0
trailing_minority_interests,yf_finances,24,21,10,1.0
trailing_rent_and_landing_fees,yf_finances,24,24,7,1.0
aquaculture_production_tonnes_arg,global_aquaculture_production,23,0,23,1.0
aquaculture_production_tonnes_aus,global_aquaculture_production,23,0,23,1.0
aquaculture_production_tonnes_aut,global_aquaculture_production,23,0,23,1.0
aquaculture_production_tonnes_bel,global_aquaculture_production,23,0,23,1.0
aquaculture_production_tonnes_bgd,global_aquaculture_production,23,0,23,1.0
aquaculture_production_tonnes_bgr,global_aquaculture_production,23,0,23,1.0
aquaculture_production_tonnes_bra,global_aquaculture_production,23,0,23,1.0
aquaculture_production_tonnes_can,global_aquaculture_production,23,0,23,1.0
aquaculture_production_tonnes_che,global_aquaculture_production,23,0,23,1.0
aquaculture_production_tonnes_chl,global_aquaculture_production,23,0,23,1.0
aquaculture_production_tonnes_chn,global_aquaculture_production,23,0,23,1.0
aquaculture_production_tonnes_col,global_aquaculture_production,23,0,23,1.0
aquaculture_production_tonnes_cri,global_aquaculture_production,23,0,23,1.0
aquaculture_production_tonnes_cze,global_aquaculture_production,23,0,23,1.0
aquaculture_production_tonnes_deu,global_aquaculture_production,23,0,23,1.0
aquaculture_production_tonnes_dnk,global_aquaculture_production,23,0,23,1.0
aquaculture_production_tonnes_esp,global_aquaculture_production,23,0,23,1.0
aquaculture_production_tonnes_est,global_aquaculture_production,23,0,23,1.0
aquaculture_production_tonnes_fin,global_aquaculture_production,23,0,23,1.0
aquaculture_production_tonnes_fra,global_aquaculture_production,23,0,23,1.0
aquaculture_production_tonnes_gbr,global_aquaculture_production,23,0,23,1.0
aquaculture_production_tonnes_grc,global_aquaculture_production,23,0,23,1.0
aquaculture_production_tonnes_hrv,global_aquaculture_production,23,0,23,1.0
aquaculture_production_tonnes_hun,global_aquaculture_production,23,0,23,1.0
aquaculture_production_tonnes_idn,global_aquaculture_production,23,0,23,1.0
aquaculture_production_tonnes_ind,global_aquaculture_production,23,0,23,1.0
aquaculture_production_tonnes_irl,global_aquaculture_production,23,0,23,1.0
aquaculture_production_tonnes_isl,global_aquaculture_production,23,0,23,1.0
aquaculture_production_tonnes_isr,global_aquaculture_production,23,0,23,1.0
aquaculture_production_tonnes_ita,global_aquaculture_production,23,0,23,1.0
aquaculture_production_tonnes_jpn,global_aquaculture_production,23,0,23,1.0
aquaculture_production_tonnes_kor,global_aquaculture_production,23,0,23,1.0
aquaculture_production_tonnes_ltu,global_aquaculture_production,23,0,23,1.0
aquaculture_production_tonnes_lva,global_aquaculture_production,23,0,23,1.0
aquaculture_production_tonnes_mex,global_aquaculture_production,23,0,23,1.0
aquaculture_production_tonnes_mys,global_aquaculture_production,23,0,23,1.0
aquaculture_production_tonnes_nld,global_aquaculture_production,23,0,23,1.0
aquaculture_production_tonnes_nor,global_aquaculture_production,23,0,23,1.0
aquaculture_production_tonnes_nzl,global_aquaculture_production,23,0,23,1.0
aquaculture_production_tonnes_per,global_aquaculture_production,23,0,23,1.0
aquaculture_production_tonnes_phl,global_aquaculture_production,23,0,23,1.0
aquaculture_production_tonnes_pol,global_aquaculture_production,23,0,23,1.0
aquaculture_production_tonnes_prt,global_aquaculture_production,23,0,23,1.0
aquaculture_production_tonnes_rou,global_aquaculture_production,23,0,23,1.0
aquaculture_production_tonnes_svk,global_aquaculture_production,23,0,23,1.0
aquaculture_production_tonnes_svn,global_aquaculture_production,23,0,23,1.0
aquaculture_production_tonnes_swe,global_aquaculture_production,23,0,23,1.0
aquaculture_production_tonnes_tha,global_aquaculture_production,23,0,23,1.0
aquaculture_production_tonnes_tur,global_aquaculture_production,23,0,23,1.0
aquaculture_production_tonnes_twn,global_aquaculture_production,23,0,23,1.0
aquaculture_production_tonnes_usa,global_aquaculture_production,23,0,23,1.0
aquaculture_production_tonnes_vnm,global_aquaculture_production,23,0,23,1.0
nz_pensions_investment_percentage_change,nz_pensions,23,0,23,1.0
annual_feesand_commission_expense,yf_finances,22,6,19,1.0
annual_other_special_charges,yf_finances,20,13,12,1.0
nz_tax_other_taxes_central_government_national_currency,nz_tax_revenue,18,0,18,1.0
nz_tax_other_taxes_central_government_percentage_of_gdp,nz_tax_revenue,18,0,18,1.0
nz_tax_other_taxes_central_government_percentage_of_revenues_in_the_same_institutional_sector,nz_tax_revenue,18,0,18,1.0
nz_tax_other_taxes_central_government_us_dollar,nz_tax_revenue,18,0,18,1.0
nz_tax_other_taxes_general_government_national_currency,nz_tax_revenue,18,0,18,1.0
nz_tax_other_taxes_general_government_percentage_of_gdp,nz_tax_revenue,18,0,18,1.0
nz_tax_other_taxes_general_government_percentage_of_revenues_in_the_same_institutional_sector,nz_tax_revenue,18,0,18,1.0
nz_tax_other_taxes_general_government_us_dollar,nz_tax_revenue,18,0,18,1.0
annual_gain_on_sale_of_security,yf_finances,17,5,14,1.0
nz_labor_employment_age15to24_male,nz_labor_stats,17,0,17,1.0
annual_restructuring_and_mergern_acquisition,yf_finances,16,6,12,1.0
trailing_non_interest_income,yf_finances,14,10,9,1.0
annual_feesand_commission_income,yf_finances,13,4,9,1.0
annual_non_interest_expense,yf_finances,13,4,8,1.0
annual_other_non_interest_income,yf_finances,13,4,8,1.0
trailing_diluted_niavailto_com_stockholders,yf_finances,12,8,10,1.0
nz_pensions_assets_overseas_issued_by_entities_located_abroad_national_currency,nz_pensions,11,0,11,1.0
nz_pensions_assets_overseas_issued_by_entities_located_abroad_percentage_of_assets,nz_pensions,11,0,11,1.0
nz_pensions_assets_overseas_issued_by_entities_located_abroad_us_dollar,nz_pensions,11,0,11,1.0
nz_pensions_bills_and_bonds_issued_by_entities_located_abroad_national_currency,nz_pensions,11,0,11,1.0
nz_pensions_bills_and_bonds_issued_by_entities_located_abroad_us_dollar,nz_pensions,11,0,11,1.0
nz_pensions_bills_and_bonds_issued_by_public_and_private_sector_national_currency,nz_pensions,11,0,11,1.0
nz_pensions_bills_and_bonds_issued_by_public_and_private_sector_percentage_of_assets,nz_pensions,11,0,11,1.0
nz_pensions_bills_and_bonds_issued_by_public_and_private_sector_us_dollar,nz_pensions,11,0,11,1.0
nz_pensions_bonds_issued_by_the_private_sector_national_currency,nz_pensions,11,0,11,1.0
nz_pensions_bonds_issued_by_the_private_sector_percentage_of_bond_holdings,nz_pensions,11,0,11,1.0
nz_pensions_bonds_issued_by_the_private_sector_us_dollar,nz_pensions,11,0,11,1.0
nz_pensions_cash_and_deposits_in_entities_located_abroad_national_currency,nz_pensions,11,0,11,1.0
nz_pensions_cash_and_deposits_in_entities_located_abroad_us_dollar,nz_pensions,11,0,11,1.0
nz_pensions_cash_and_deposits_national_currency,nz_pensions,11,0,11,1.0
nz_pensions_cash_and_deposits_percentage_of_assets,nz_pensions,11,0,11,1.0
nz_pensions_cash_and_deposits_us_dollar,nz_pensions,11,0,11,1.0
nz_pensions_equity_issued_by_entities_located_abroad_national_currency,nz_pensions,11,0,11,1.0
nz_pensions_equity_issued_by_entities_located_abroad_us_dollar,nz_pensions,11,0,11,1.0
nz_pensions_equity_national_currency,nz_pensions,11,0,11,1.0
nz_pensions_equity_percentage_of_assets,nz_pensions,11,0,11,1.0
nz_pensions_equity_us_dollar,nz_pensions,11,0,11,1.0
nz_pensions_listed_equity_national_currency,nz_pensions,11,0,11,1.0
nz_pensions_listed_equity_percentage_of_equity_holdings,nz_pensions,11,0,11,1.0
nz_pensions_listed_equity_us_dollar,nz_pensions,11,0,11,1.0
nz_pensions_loans_national_currency,nz_pensions,11,0,11,1.0
nz_pensions_loans_percentage_of_assets,nz_pensions,11,0,11,1.0
nz_pensions_loans_us_dollar,nz_pensions,11,0,11,1.0
nz_pensions_mutual_funds_national_currency,nz_pensions,11,0,11,1.0
nz_pensions_mutual_funds_percentage_of_assets,nz_pensions,11,0,11,1.0
nz_pensions_mutual_funds_us_dollar,nz_pensions,11,0,11,1.0
nz_pensions_unlisted_equity_national_currency,nz_pensions,11,0,11,1.0
nz_pensions_unlisted_equity_percentage_of_equity_holdings,nz_pensions,11,0,11,1.0
nz_pensions_unlisted_equity_us_dollar,nz_pensions,11,0,11,1.0
trailing_fees_and_commissions,yf_finances,11,8,8,1.0
nz_pensions_assets_overseas_issued_by_entities_located_abroad_percentage_change,nz_pensions,10,0,10,1.0
nz_pensions_bills_and_bonds_issued_by_public_and_private_sector_percentage_change,nz_pensions,10,0,10,1.0
nz_pensions_bonds_issued_by_the_private_sector_percentage_change,nz_pensions,10,0,10,1.0
nz_pensions_cash_and_deposits_in_entities_located_abroad_percentage_change,nz_pensions,10,0,10,1.0
nz_pensions_cash_and_deposits_percentage_change,nz_pensions,10,0,10,1.0
nz_pensions_equity_percentage_change,nz_pensions,10,0,10,1.0
nz_pensions_loans_percentage_change,nz_pensions,10,0,10,1.0
nz_pensions_mutual_funds_percentage_change,nz_pensions,10,0,10,1.0
trailing_net_income_discontinuous_operations,yf_finances,10,8,7,1.0
nz_pensions_bills_and_bonds_issued_by_entities_located_abroad_percentage_change,nz_pensions,9,0,9,1.0
nz_pensions_equity_issued_by_entities_located_abroad_percentage_change,nz_pensions,9,0,9,1.0
trailing_feesand_commission_expense,yf_finances,9,6,7,1.0
annual_other_non_interest_expense,yf_finances,8,2,8,1.0
trailing_dividend_income,yf_finances,8,6,6,1.0
trailing_restructuring_and_mergern_acquisition,yf_finances,8,7,4,1.0
trailing_gain_on_sale_of_security,yf_finances,7,4,5,1.0
annual_incomefrom_associatesand_other_participating_interests,yf_finances,6,3,5,1.0
annual_write_off,yf_finances,6,2,6,1.0
trailing_other_special_charges,yf_finances,6,6,5,1.0
annual_average_dilution_earnings,yf_finances,4,1,4,1.0
annual_credit_losses_provision,yf_finances,4,1,4,1.0
annual_foreign_exchange_trading_gains,yf_finances,4,1,4,1.0
annual_insurance_and_claims,yf_finances,4,1,4,1.0
annual_net_occupancy_expense,yf_finances,4,1,4,1.0
annual_occupancy_and_equipment,yf_finances,4,1,4,1.0
annual_professional_expense_and_contract_services_expense,yf_finances,4,1,4,1.0
annual_rent_expense_supplemental,yf_finances,4,1,4,1.0
annual_total_premiums_earned,yf_finances,4,1,4,1.0
trailing_other_non_interest_income,yf_finances,4,4,2,1.0
trailing_feesand_commission_income,yf_finances,3,3,2,1.0
trailing_non_interest_expense,yf_finances,3,3,1,1.0
annual_gain_on_sale_of_business,yf_finances,2,1,2,1.0
trailing_other_non_interest_expense,yf_finances,2,2,2,1.0
trailing_write_off,yf_finances,2,2,2,1.0
trailing_average_dilution_earnings,yf_finances,1,1,1,1.0
trailing_credit_losses_provision,yf_finances,1,1,1,1.0
trailing_foreign_exchange_trading_gains,yf_finances,1,1,1,1.0
trailing_incomefrom_associatesand_other_participating_interests,yf_finances,1,1,1,1.0
trailing_insurance_and_claims,yf_finances,1,1,1,1.0
trailing_net_occupancy_expense,yf_finances,1,1,1,1.0
trailing_occupancy_and_equipment,yf_finances,1,1,1,1.0
trailing_other_interest_expense,yf_finances,1,1,1,1.0
trailing_preferred_stock_dividends,yf_finances,1,1,1,1.0
trailing_professional_expense_and_contract_services_expense,yf_finances,1,1,1,1.0
trailing_rent_expense_supplemental,yf_finances,1,1,1,1.0
trailing_total_premiums_earned,yf_finances,1,1,1,1.0
