feature,row_count,ticker_count,date_count,numeric_count,missing_fraction
adj_close,590276,140,16546,590276,0.06873909435414916
close,590276,140,16546,590276,0.06873909435414916
high,590276,140,16546,590276,0.06873909435414916
low,590276,140,16546,590276,0.06873909435414916
open,590276,140,16546,590276,0.06873909435414916
volume,590276,140,16546,590276,0.06873909435414916
wiki_views,95934,39,3943,95934,0.8486477787980046
wiki_views_desktop,95934,39,3943,95934,0.8486477787980046
wiki_views_mobile,95934,39,3943,95934,0.8486477787980046
2008_financial_crisis_wiki_views,3943,0,3943,3943,0.15277180919639022
2008_financial_crisis_wiki_views_desktop,3943,0,3943,3943,0.15277180919639022
2008_financial_crisis_wiki_views_mobile,3943,0,3943,3943,0.15277180919639022
artificial_intelligence_wiki_views,3943,0,3943,3943,0.15277180919639022
artificial_intelligence_wiki_views_desktop,3943,0,3943,3943,0.15277180919639022
artificial_intelligence_wiki_views_mobile,3943,0,3943,3943,0.15277180919639022
auckland_wiki_views,3943,0,3943,3943,0.15277180919639022
auckland_wiki_views_desktop,3943,0,3943,3943,0.15277180919639022
auckland_wiki_views_mobile,3943,0,3943,3943,0.15277180919639022
bank_of_england_wiki_views,3943,0,3943,3943,0.15277180919639022
bank_of_england_wiki_views_desktop,3943,0,3943,3943,0.15277180919639022
bank_of_england_wiki_views_mobile,3943,0,3943,3943,0.15277180919639022
bank_run_wiki_views,3943,0,3943,3943,0.15277180919639022
bank_run_wiki_views_desktop,3943,0,3943,3943,0.15277180919639022
bank_run_wiki_views_mobile,3943,0,3943,3943,0.15277180919639022
bankruptcy_wiki_views,3943,0,3943,3943,0.15277180919639022
bankruptcy_wiki_views_desktop,3943,0,3943,3943,0.15277180919639022
bankruptcy_wiki_views_mobile,3943,0,3943,3943,0.15277180919639022
bear_market_wiki_views,3943,0,3943,3943,0.15277180919639022
bear_market_wiki_views_desktop,3943,0,3943,3943,0.15277180919639022
bear_market_wiki_views_mobile,3943,0,3943,3943,0.15277180919639022
beef_wiki_views,3943,0,3943,3943,0.15277180919639022
beef_wiki_views_desktop,3943,0,3943,3943,0.15277180919639022
beef_wiki_views_mobile,3943,0,3943,3943,0.15277180919639022
black_monday_1987_wiki_views,3943,0,3943,3943,0.15277180919639022
black_monday_1987_wiki_views_desktop,3943,0,3943,3943,0.15277180919639022
black_monday_1987_wiki_views_mobile,3943,0,3943,3943,0.15277180919639022
bond_market_wiki_views,3943,0,3943,3943,0.15277180919639022
bond_market_wiki_views_desktop,3943,0,3943,3943,0.15277180919639022
bond_market_wiki_views_mobile,3943,0,3943,3943,0.15277180919639022
brexit_wiki_views,3943,0,3943,3943,0.15277180919639022
brexit_wiki_views_desktop,3943,0,3943,3943,0.15277180919639022
brexit_wiki_views_mobile,3943,0,3943,3943,0.15277180919639022
christchurch_wiki_views,3943,0,3943,3943,0.15277180919639022
christchurch_wiki_views_desktop,3943,0,3943,3943,0.15277180919639022
christchurch_wiki_views_mobile,3943,0,3943,3943,0.15277180919639022
cloud_computing_wiki_views,3943,0,3943,3943,0.15277180919639022
cloud_computing_wiki_views_desktop,3943,0,3943,3943,0.15277180919639022
cloud_computing_wiki_views_mobile,3943,0,3943,3943,0.15277180919639022
copper_wiki_views,3943,0,3943,3943,0.15277180919639022
copper_wiki_views_desktop,3943,0,3943,3943,0.15277180919639022
copper_wiki_views_mobile,3943,0,3943,3943,0.15277180919639022
credit_crunch_wiki_views,3943,0,3943,3943,0.15277180919639022
credit_crunch_wiki_views_desktop,3943,0,3943,3943,0.15277180919639022
credit_crunch_wiki_views_mobile,3943,0,3943,3943,0.15277180919639022
crude_oil_wiki_views,3943,0,3943,3943,0.15277180919639022
crude_oil_wiki_views_desktop,3943,0,3943,3943,0.15277180919639022
crude_oil_wiki_views_mobile,3943,0,3943,3943,0.15277180919639022
dairy_farming_in_new_zealand_wiki_views,3943,0,3943,3943,0.15277180919639022
dairy_farming_in_new_zealand_wiki_views_desktop,3943,0,3943,3943,0.15277180919639022
dairy_farming_in_new_zealand_wiki_views_mobile,3943,0,3943,3943,0.15277180919639022
dairy_wiki_views,3943,0,3943,3943,0.15277180919639022
dairy_wiki_views_desktop,3943,0,3943,3943,0.15277180919639022
dairy_wiki_views_mobile,3943,0,3943,3943,0.15277180919639022
default_finance_wiki_views,3943,0,3943,3943,0.15277180919639022
default_finance_wiki_views_desktop,3943,0,3943,3943,0.15277180919639022
default_finance_wiki_views_mobile,3943,0,3943,3943,0.15277180919639022
deflation_wiki_views,3943,0,3943,3943,0.15277180919639022
deflation_wiki_views_desktop,3943,0,3943,3943,0.15277180919639022
deflation_wiki_views_mobile,3943,0,3943,3943,0.15277180919639022
economic_bubble_wiki_views,3943,0,3943,3943,0.15277180919639022
economic_bubble_wiki_views_desktop,3943,0,3943,3943,0.15277180919639022
economic_bubble_wiki_views_mobile,3943,0,3943,3943,0.15277180919639022
economy_of_new_zealand_wiki_views,3943,0,3943,3943,0.15277180919639022
economy_of_new_zealand_wiki_views_desktop,3943,0,3943,3943,0.15277180919639022
economy_of_new_zealand_wiki_views_mobile,3943,0,3943,3943,0.15277180919639022
european_central_bank_wiki_views,3943,0,3943,3943,0.15277180919639022
european_central_bank_wiki_views_desktop,3943,0,3943,3943,0.15277180919639022
european_central_bank_wiki_views_mobile,3943,0,3943,3943,0.15277180919639022
federal_reserve_wiki_views,3943,0,3943,3943,0.15277180919639022
federal_reserve_wiki_views_desktop,3943,0,3943,3943,0.15277180919639022
federal_reserve_wiki_views_mobile,3943,0,3943,3943,0.15277180919639022
financial_crisis_wiki_views,3943,0,3943,3943,0.15277180919639022
financial_crisis_wiki_views_desktop,3943,0,3943,3943,0.15277180919639022
financial_crisis_wiki_views_mobile,3943,0,3943,3943,0.15277180919639022
fiscal_policy_wiki_views,3943,0,3943,3943,0.15277180919639022
fiscal_policy_wiki_views_desktop,3943,0,3943,3943,0.15277180919639022
fiscal_policy_wiki_views_mobile,3943,0,3943,3943,0.15277180919639022
fonterra_wiki_views,3943,0,3943,3943,0.15277180919639022
fonterra_wiki_views_desktop,3943,0,3943,3943,0.15277180919639022
fonterra_wiki_views_mobile,3943,0,3943,3943,0.15277180919639022
forestry_in_new_zealand_wiki_views,3943,0,3943,3943,0.15277180919639022
forestry_in_new_zealand_wiki_views_desktop,3943,0,3943,3943,0.15277180919639022
forestry_in_new_zealand_wiki_views_mobile,3943,0,3943,3943,0.15277180919639022
free_trade_agreement_wiki_views,3943,0,3943,3943,0.15277180919639022
free_trade_agreement_wiki_views_desktop,3943,0,3943,3943,0.15277180919639022
free_trade_agreement_wiki_views_mobile,3943,0,3943,3943,0.15277180919639022
gold_wiki_views,3943,0,3943,3943,0.15277180919639022
gold_wiki_views_desktop,3943,0,3943,3943,0.15277180919639022
gold_wiki_views_mobile,3943,0,3943,3943,0.15277180919639022
government_debt_wiki_views,3943,0,3943,3943,0.15277180919639022
government_debt_wiki_views_desktop,3943,0,3943,3943,0.15277180919639022
government_debt_wiki_views_mobile,3943,0,3943,3943,0.15277180919639022
great_depression_wiki_views,3943,0,3943,3943,0.15277180919639022
great_depression_wiki_views_desktop,3943,0,3943,3943,0.15277180919639022
great_depression_wiki_views_mobile,3943,0,3943,3943,0.15277180919639022
house_price_index_wiki_views,3943,0,3943,3943,0.15277180919639022
house_price_index_wiki_views_desktop,3943,0,3943,3943,0.15277180919639022
house_price_index_wiki_views_mobile,3943,0,3943,3943,0.15277180919639022
immigration_to_new_zealand_wiki_views,3943,0,3943,3943,0.15277180919639022
immigration_to_new_zealand_wiki_views_desktop,3943,0,3943,3943,0.15277180919639022
immigration_to_new_zealand_wiki_views_mobile,3943,0,3943,3943,0.15277180919639022
inflation_wiki_views,3943,0,3943,3943,0.15277180919639022
inflation_wiki_views_desktop,3943,0,3943,3943,0.15277180919639022
inflation_wiki_views_mobile,3943,0,3943,3943,0.15277180919639022
interest_rate_wiki_views,3943,0,3943,3943,0.15277180919639022
interest_rate_wiki_views_desktop,3943,0,3943,3943,0.15277180919639022
interest_rate_wiki_views_mobile,3943,0,3943,3943,0.15277180919639022
iron_ore_wiki_views,3943,0,3943,3943,0.15277180919639022
iron_ore_wiki_views_desktop,3943,0,3943,3943,0.15277180919639022
iron_ore_wiki_views_mobile,3943,0,3943,3943,0.15277180919639022
kiwifruit_wiki_views,3943,0,3943,3943,0.15277180919639022
kiwifruit_wiki_views_desktop,3943,0,3943,3943,0.15277180919639022
kiwifruit_wiki_views_mobile,3943,0,3943,3943,0.15277180919639022
lamb_and_mutton_wiki_views,3943,0,3943,3943,0.15277180919639022
lamb_and_mutton_wiki_views_desktop,3943,0,3943,3943,0.15277180919639022
lamb_and_mutton_wiki_views_mobile,3943,0,3943,3943,0.15277180919639022
layoff_wiki_views,3943,0,3943,3943,0.15277180919639022
layoff_wiki_views_desktop,3943,0,3943,3943,0.15277180919639022
layoff_wiki_views_mobile,3943,0,3943,3943,0.15277180919639022
lithium_wiki_views,3943,0,3943,3943,0.15277180919639022
lithium_wiki_views_desktop,3943,0,3943,3943,0.15277180919639022
lithium_wiki_views_mobile,3943,0,3943,3943,0.15277180919639022
machine_learning_wiki_views,3943,0,3943,3943,0.15277180919639022
machine_learning_wiki_views_desktop,3943,0,3943,3943,0.15277180919639022
machine_learning_wiki_views_mobile,3943,0,3943,3943,0.15277180919639022
market_correction_wiki_views,3943,0,3943,3943,0.15277180919639022
market_correction_wiki_views_desktop,3943,0,3943,3943,0.15277180919639022
market_correction_wiki_views_mobile,3943,0,3943,3943,0.15277180919639022
milk_wiki_views,3943,0,3943,3943,0.15277180919639022
milk_wiki_views_desktop,3943,0,3943,3943,0.15277180919639022
milk_wiki_views_mobile,3943,0,3943,3943,0.15277180919639022
monetary_policy_wiki_views,3943,0,3943,3943,0.15277180919639022
monetary_policy_wiki_views_desktop,3943,0,3943,3943,0.15277180919639022
monetary_policy_wiki_views_mobile,3943,0,3943,3943,0.15277180919639022
mortgage_loan_wiki_views,3943,0,3943,3943,0.15277180919639022
mortgage_loan_wiki_views_desktop,3943,0,3943,3943,0.15277180919639022
mortgage_loan_wiki_views_mobile,3943,0,3943,3943,0.15277180919639022
national_debt_of_the_united_states_wiki_views,3943,0,3943,3943,0.15277180919639022
national_debt_of_the_united_states_wiki_views_desktop,3943,0,3943,3943,0.15277180919639022
national_debt_of_the_united_states_wiki_views_mobile,3943,0,3943,3943,0.15277180919639022
natural_gas_wiki_views,3943,0,3943,3943,0.15277180919639022
natural_gas_wiki_views_desktop,3943,0,3943,3943,0.15277180919639022
natural_gas_wiki_views_mobile,3943,0,3943,3943,0.15277180919639022
new_zealand_dollar_wiki_views,3943,0,3943,3943,0.15277180919639022
new_zealand_dollar_wiki_views_desktop,3943,0,3943,3943,0.15277180919639022
new_zealand_dollar_wiki_views_mobile,3943,0,3943,3943,0.15277180919639022
panic_selling_wiki_views,3943,0,3943,3943,0.15277180919639022
panic_selling_wiki_views_desktop,3943,0,3943,3943,0.15277180919639022
panic_selling_wiki_views_mobile,3943,0,3943,3943,0.15277180919639022
quantitative_easing_wiki_views,3943,0,3943,3943,0.15277180919639022
quantitative_easing_wiki_views_desktop,3943,0,3943,3943,0.15277180919639022
quantitative_easing_wiki_views_mobile,3943,0,3943,3943,0.15277180919639022
real_estate_wiki_views,3943,0,3943,3943,0.15277180919639022
real_estate_wiki_views_desktop,3943,0,3943,3943,0.15277180919639022
real_estate_wiki_views_mobile,3943,0,3943,3943,0.15277180919639022
recession_wiki_views,3943,0,3943,3943,0.15277180919639022
recession_wiki_views_desktop,3943,0,3943,3943,0.15277180919639022
recession_wiki_views_mobile,3943,0,3943,3943,0.15277180919639022
reserve_bank_of_new_zealand_wiki_views,3943,0,3943,3943,0.15277180919639022
reserve_bank_of_new_zealand_wiki_views_desktop,3943,0,3943,3943,0.15277180919639022
reserve_bank_of_new_zealand_wiki_views_mobile,3943,0,3943,3943,0.15277180919639022
sanctions_wiki_views,3943,0,3943,3943,0.15277180919639022
sanctions_wiki_views_desktop,3943,0,3943,3943,0.15277180919639022
sanctions_wiki_views_mobile,3943,0,3943,3943,0.15277180919639022
shipping_container_wiki_views,3943,0,3943,3943,0.15277180919639022
shipping_container_wiki_views_desktop,3943,0,3943,3943,0.15277180919639022
shipping_container_wiki_views_mobile,3943,0,3943,3943,0.15277180919639022
stock_market_crash_wiki_views,3943,0,3943,3943,0.15277180919639022
stock_market_crash_wiki_views_desktop,3943,0,3943,3943,0.15277180919639022
stock_market_crash_wiki_views_mobile,3943,0,3943,3943,0.15277180919639022
subprime_mortgage_crisis_wiki_views,3943,0,3943,3943,0.15277180919639022
subprime_mortgage_crisis_wiki_views_desktop,3943,0,3943,3943,0.15277180919639022
subprime_mortgage_crisis_wiki_views_mobile,3943,0,3943,3943,0.15277180919639022
supply_chain_wiki_views,3943,0,3943,3943,0.15277180919639022
supply_chain_wiki_views_desktop,3943,0,3943,3943,0.15277180919639022
supply_chain_wiki_views_mobile,3943,0,3943,3943,0.15277180919639022
tariff_wiki_views,3943,0,3943,3943,0.15277180919639022
tariff_wiki_views_desktop,3943,0,3943,3943,0.15277180919639022
tariff_wiki_views_mobile,3943,0,3943,3943,0.15277180919639022
tourism_in_new_zealand_wiki_views,3943,0,3943,3943,0.15277180919639022
tourism_in_new_zealand_wiki_views_desktop,3943,0,3943,3943,0.15277180919639022
tourism_in_new_zealand_wiki_views_mobile,3943,0,3943,3943,0.15277180919639022
trade_war_wiki_views,3943,0,3943,3943,0.15277180919639022
trade_war_wiki_views_desktop,3943,0,3943,3943,0.15277180919639022
trade_war_wiki_views_mobile,3943,0,3943,3943,0.15277180919639022
trans_pacific_partnership_wiki_views,3943,0,3943,3943,0.15277180919639022
trans_pacific_partnership_wiki_views_desktop,3943,0,3943,3943,0.15277180919639022
trans_pacific_partnership_wiki_views_mobile,3943,0,3943,3943,0.15277180919639022
treasury_security_wiki_views,3943,0,3943,3943,0.15277180919639022
treasury_security_wiki_views_desktop,3943,0,3943,3943,0.15277180919639022
treasury_security_wiki_views_mobile,3943,0,3943,3943,0.15277180919639022
unemployment_wiki_views,3943,0,3943,3943,0.15277180919639022
unemployment_wiki_views_desktop,3943,0,3943,3943,0.15277180919639022
unemployment_wiki_views_mobile,3943,0,3943,3943,0.15277180919639022
uranium_wiki_views,3943,0,3943,3943,0.15277180919639022
uranium_wiki_views_desktop,3943,0,3943,3943,0.15277180919639022
uranium_wiki_views_mobile,3943,0,3943,3943,0.15277180919639022
wellington_wiki_views,3943,0,3943,3943,0.15277180919639022
wellington_wiki_views_desktop,3943,0,3943,3943,0.15277180919639022
wellington_wiki_views_mobile,3943,0,3943,3943,0.15277180919639022
wine_wiki_views,3943,0,3943,3943,0.15277180919639022
wine_wiki_views_desktop,3943,0,3943,3943,0.15277180919639022
wine_wiki_views_mobile,3943,0,3943,3943,0.15277180919639022
wool_wiki_views,3943,0,3943,3943,0.15277180919639022
wool_wiki_views_desktop,3943,0,3943,3943,0.15277180919639022
wool_wiki_views_mobile,3943,0,3943,3943,0.15277180919639022
yield_curve_wiki_views,3943,0,3943,3943,0.15277180919639022
yield_curve_wiki_views_desktop,3943,0,3943,3943,0.15277180919639022
yield_curve_wiki_views_mobile,3943,0,3943,3943,0.15277180919639022
oil_price_wiki_views,3942,0,3942,3942,0.15298667812634292
oil_price_wiki_views_desktop,3942,0,3942,3942,0.15298667812634292
oil_price_wiki_views_mobile,3942,0,3942,3942,0.15298667812634292
housing_market_wiki_views,3941,0,3941,3941,0.15320154705629563
housing_market_wiki_views_desktop,3941,0,3941,3941,0.15320154705629563
housing_market_wiki_views_mobile,3941,0,3941,3941,0.15320154705629563
inverted_yield_curve_wiki_views,3941,0,3941,3941,0.15320154705629563
inverted_yield_curve_wiki_views_desktop,3941,0,3941,3941,0.15320154705629563
inverted_yield_curve_wiki_views_mobile,3941,0,3941,3941,0.15320154705629563
new_zealand_stock_exchange_wiki_views,3798,0,3798,3798,0.1839278040395359
new_zealand_stock_exchange_wiki_views_desktop,3798,0,3798,3798,0.1839278040395359
new_zealand_stock_exchange_wiki_views_mobile,3798,0,3798,3798,0.1839278040395359
dividend,3275,115,1561,3275,0.9948331298138665
china%e2%80%93_united_states_trade_war_wiki_views,2632,0,2632,2632,0.4344649763644177
china%e2%80%93_united_states_trade_war_wiki_views_desktop,2632,0,2632,2632,0.4344649763644177
china%e2%80%93_united_states_trade_war_wiki_views_mobile,2632,0,2632,2632,0.4344649763644177
whole_milk_powder_wiki_views,780,0,780,780,0.8324022346368716
whole_milk_powder_wiki_views_desktop,780,0,780,780,0.8324022346368716
whole_milk_powder_wiki_views_mobile,780,0,780,780,0.8324022346368716
oecd_bcicp,775,0,775,775,0.8334765792866352
long_term_interest_rates,674,0,674,674,0.8551783412118608
short_term_interest_rates,628,0,628,628,0.8650623119896863
immediate_interest_rates_call_money_interbank_rate,494,0,494,494,0.8938547486033519
trailing_basic_average_shares,491,101,39,491,0.9992253638896514
trailing_diluted_average_shares,491,101,39,491,0.9992253638896514
trailing_diluted_eps,490,101,38,490,0.9992269415599373
trailing_basic_eps,488,101,38,488,0.9992300969005089
oecd_ccicp,454,0,454,454,0.9024495058014611
nzl_general_government_final_consumption_expenditure_millions_nzd,416,0,104,416,0.9776536312849162
nzl_general_government_gross_fixed_capital_formation_millions_nzd,416,0,104,416,0.9776536312849162
nzl_nfish_final_consumption_expenditure_millions_nzd,416,0,104,416,0.9776536312849162
annual_diluted_eps,392,101,39,392,0.9993815532479499
nz_labor_unemployment_age15to24_male,392,0,28,392,0.9939836699613236
annual_basic_average_shares,389,101,39,389,0.9993862862588073
annual_basic_eps,389,101,38,389,0.9993862862588073
annual_diluted_average_shares,387,101,38,387,0.999389441599379
annual_net_income,386,102,40,386,0.9993910192696649
annual_net_income_common_stockholders,386,102,40,386,0.9993910192696649
annual_net_income_continuous_operations,386,102,40,386,0.9993910192696649
annual_net_income_from_continuing_and_discontinued_operation,386,102,40,386,0.9993910192696649
annual_net_income_from_continuing_operation_net_minority_interest,386,102,40,386,0.9993910192696649
annual_net_income_including_noncontrolling_interests,386,102,40,386,0.9993910192696649
annual_normalized_income,386,102,40,386,0.9993910192696649
annual_pretax_income,386,102,40,386,0.9993910192696649
annual_tax_effect_of_unusual_items,386,102,40,386,0.9993910192696649
annual_tax_provision,386,102,40,386,0.9993910192696649
annual_tax_rate_for_calcs,386,102,40,386,0.9993910192696649
annual_net_interest_income,385,102,40,385,0.9993925969399508
nz_road_fatalities_monthly,383,0,383,383,0.9177051998281048
annual_total_revenue,369,98,40,369,0.9994178396645242
annual_selling_general_and_administration,368,100,40,368,0.99941941733481
annual_ebit,353,92,35,353,0.9994430823890976
annual_ebitda,353,92,35,353,0.9994430823890976
annual_interest_expense,353,97,40,353,0.9994430823890976
annual_normalized_ebitda,353,92,35,353,0.9994430823890976
annual_general_and_administrative_expense,352,97,40,352,0.9994446600593835
annual_interest_income,349,98,37,349,0.999449393070241
annual_reconciled_depreciation,341,92,35,341,0.9994620144325278
annual_depreciation_and_amortization_in_income_statement,337,91,35,337,0.9994683251136711
annual_depreciation_income_statement,336,90,35,336,0.999469902783957
annual_depreciation_amortization_depletion_income_statement,329,89,35,329,0.9994809464759579
annual_other_non_operating_income_expenses,324,90,35,324,0.999488834827387
annual_amortization,254,73,32,254,0.999599271747396
annual_salaries_and_wages,254,71,30,254,0.999599271747396
annual_amortization_of_intangibles_income_statement,252,72,32,252,0.9996024270879678
nz_labor_unemployment_not_worked_age15_plus_male,226,0,28,226,0.9939836699613236
new_registrations_goods_road_motor_vehicles,221,0,221,221,0.952513966480447
nz_labor_population_age15to24_female,210,0,30,210,0.9935539321014182
nz_labor_population_age15to24_male,210,0,30,210,0.9935539321014182
nz_labor_population_age15to24_total,210,0,30,210,0.9935539321014182
bop_current_account_balance_revenue_minus_expenditure_sa,208,0,104,208,0.9776536312849162
bop_current_account_expenditure_sa,208,0,104,208,0.9776536312849162
bop_current_account_revenue_sa,208,0,104,208,0.9776536312849162
bop_goods_balance_revenue_minus_expenditure_sa,208,0,104,208,0.9776536312849162
bop_goods_expenditure_sa,208,0,104,208,0.9776536312849162
bop_goods_revenue_sa,208,0,104,208,0.9776536312849162
bop_primary_income_balance_revenue_minus_expenditure_sa,208,0,104,208,0.9776536312849162
bop_primary_income_expenditure_sa,208,0,104,208,0.9776536312849162
bop_primary_income_revenue_sa,208,0,104,208,0.9776536312849162
bop_secondary_income_balance_revenue_minus_expenditure_sa,208,0,104,208,0.9776536312849162
bop_secondary_income_expenditure_sa,208,0,104,208,0.9776536312849162
bop_secondary_income_revenue_sa,208,0,104,208,0.9776536312849162
bop_services_balance_revenue_minus_expenditure_sa,208,0,104,208,0.9776536312849162
bop_services_expenditure_sa,208,0,104,208,0.9776536312849162
bop_services_revenue_sa,208,0,104,208,0.9776536312849162
nz_labor_population_age15_plus_female,203,0,29,203,0.9937688010313709
nz_labor_population_age15_plus_male,203,0,29,203,0.9937688010313709
nz_labor_population_age15_plus_total,203,0,29,203,0.9937688010313709
nz_labor_population_age15to64_female,203,0,29,203,0.9937688010313709
nz_labor_population_age15to64_male,203,0,29,203,0.9937688010313709
nz_labor_population_age15to64_total,203,0,29,203,0.9937688010313709
nz_labor_employment_age15_plus_female,196,0,28,196,0.9939836699613236
nz_labor_employment_age15_plus_male,196,0,28,196,0.9939836699613236
nz_labor_employment_age15_plus_total,196,0,28,196,0.9939836699613236
nz_labor_employment_pop_ratio_age15_plus_female,196,0,28,196,0.9939836699613236
nz_labor_employment_pop_ratio_age15_plus_male,196,0,28,196,0.9939836699613236
nz_labor_employment_pop_ratio_age15_plus_total,196,0,28,196,0.9939836699613236
nz_labor_employment_pop_ratio_gap_age15_plus_male,196,0,28,196,0.9939836699613236
nz_labor_labor_force_age15_plus_female,196,0,28,196,0.9939836699613236
nz_labor_labor_force_age15_plus_male,196,0,28,196,0.9939836699613236
nz_labor_labor_force_age15_plus_total,196,0,28,196,0.9939836699613236
nz_labor_labor_force_age15to24_male,196,0,28,196,0.9939836699613236
nz_labor_lfparticipation_gap_age15_plus_male,196,0,28,196,0.9939836699613236
nz_labor_lfparticipation_rate_age15_plus_female,196,0,28,196,0.9939836699613236
nz_labor_lfparticipation_rate_age15_plus_male,196,0,28,196,0.9939836699613236
nz_labor_lfparticipation_rate_age15_plus_total,196,0,28,196,0.9939836699613236
nz_labor_unemployment_age15_plus_female,196,0,28,196,0.9939836699613236
nz_labor_unemployment_age15_plus_male,196,0,28,196,0.9939836699613236
nz_labor_unemployment_age15_plus_total,196,0,28,196,0.9939836699613236
nz_labor_unemployment_rate_age15_plus_female,196,0,28,196,0.9939836699613236
nz_labor_unemployment_rate_age15_plus_male,196,0,28,196,0.9939836699613236
nz_labor_unemployment_rate_age15_plus_total,196,0,28,196,0.9939836699613236
nz_labor_youth_unemployment_ratio_age15_plus_male,196,0,28,196,0.9939836699613236
annual_selling_and_marketing_expense,179,54,34,179,0.9997175970188342
annual_other_gand_a,169,54,28,169,0.9997333737216927
annual_total_unusual_items,155,60,29,155,0.9997554611056945
annual_total_unusual_items_excluding_goodwill,155,60,29,155,0.9997554611056945
annual_special_income_charges,153,60,29,153,0.9997586164462662
nz_labor_employment_age15to64_female,152,0,26,152,0.994413407821229
nz_labor_employment_age15to64_male,152,0,26,152,0.994413407821229
nz_labor_employment_age15to64_total,152,0,26,152,0.994413407821229
nz_labor_employment_pop_ratio_age15to64_female,152,0,26,152,0.994413407821229
nz_labor_employment_pop_ratio_age15to64_male,152,0,26,152,0.994413407821229
nz_labor_employment_pop_ratio_age15to64_total,152,0,26,152,0.994413407821229
nz_labor_employment_pop_ratio_gap_age15to64_male,152,0,26,152,0.994413407821229
nz_labor_labor_force_age15to64_female,152,0,26,152,0.994413407821229
nz_labor_labor_force_age15to64_male,152,0,26,152,0.994413407821229
nz_labor_labor_force_age15to64_total,152,0,26,152,0.994413407821229
nz_labor_lfparticipation_gap_age15to64_male,152,0,26,152,0.994413407821229
nz_labor_lfparticipation_rate_age15to64_female,152,0,26,152,0.994413407821229
nz_labor_lfparticipation_rate_age15to64_male,152,0,26,152,0.994413407821229
nz_labor_lfparticipation_rate_age15to64_total,152,0,26,152,0.994413407821229
nz_labor_unemployment_age15to64_female,152,0,26,152,0.994413407821229
nz_labor_unemployment_age15to64_male,152,0,26,152,0.994413407821229
nz_labor_unemployment_age15to64_total,152,0,26,152,0.994413407821229
nz_labor_unemployment_rate_age15to64_female,152,0,26,152,0.994413407821229
nz_labor_unemployment_rate_age15to64_male,152,0,26,152,0.994413407821229
nz_labor_unemployment_rate_age15to64_total,152,0,26,152,0.994413407821229
nz_labor_youth_unemployment_ratio_age15to64_male,152,0,26,152,0.994413407821229
trailing_net_income_from_continuing_and_discontinued_operation,116,101,17,116,0.9998169902468423
trailing_net_income_including_noncontrolling_interests,116,101,17,116,0.9998169902468423
trailing_tax_provision,116,101,16,116,0.9998169902468423
trailing_normalized_income,115,101,18,115,0.9998185679171281
trailing_tax_rate_for_calcs,115,101,16,115,0.9998185679171281
trailing_net_income,114,101,15,114,0.9998201455874139
trailing_net_income_common_stockholders,114,101,14,114,0.9998201455874139
trailing_net_income_from_continuing_operation_net_minority_interest,114,101,16,114,0.9998201455874139
nz_labor_unemployment_rate_not_worked_age15_plus_male,113,0,28,113,0.9939836699613236
trailing_interest_income,113,90,18,113,0.9998217232576998
trailing_net_income_continuous_operations,113,101,15,113,0.9998217232576998
trailing_net_interest_income,113,100,16,113,0.9998217232576998
trailing_selling_general_and_administration,113,96,20,113,0.9998217232576998
trailing_tax_effect_of_unusual_items,113,101,15,113,0.9998217232576998
trailing_general_and_administrative_expense,109,91,21,109,0.9998280339388432
trailing_total_revenue,109,98,17,109,0.9998280339388432
trailing_normalized_ebitda,106,92,16,106,0.9998327669497007
annual_impairment_of_capital_assets,104,48,21,104,0.9998359222902724
bop_capital_account_balance_revenue_minus_expenditure_sa,104,0,104,104,0.9776536312849162
bop_capital_account_expenditure_sa,104,0,104,104,0.9776536312849162
bop_capital_account_revenue_sa,104,0,104,104,0.9776536312849162
bop_goods_acquired_under_merchanting_balance_revenue_minus_expenditure_sa,104,0,104,104,0.9776536312849162
bop_goods_acquired_under_merchanting_revenue_sa,104,0,104,104,0.9776536312849162
bop_goods_sold_under_merchanting_balance_revenue_minus_expenditure_sa,104,0,104,104,0.9776536312849162
bop_goods_sold_under_merchanting_revenue_sa,104,0,104,104,0.9776536312849162
bop_net_exports_of_goods_under_merchanting_balance_revenue_minus_expenditure_sa,104,0,104,104,0.9776536312849162
bop_net_exports_of_goods_under_merchanting_revenue_sa,104,0,104,104,0.9776536312849162
trailing_ebitda,104,92,15,104,0.9998359222902724
bop_direct_investment_assets_or_net_acquisition_of_assets_sa,103,0,103,103,0.9778685002148689
bop_direct_investment_liabilities_or_net_incurrence_of_liabilities_sa,103,0,103,103,0.9778685002148689
bop_direct_investment_net_assets_minus_liabilities_sa,103,0,103,103,0.9778685002148689
bop_financial_account_assets_or_net_acquisition_of_assets_sa,103,0,103,103,0.9778685002148689
bop_financial_account_liabilities_or_net_incurrence_of_liabilities_sa,103,0,103,103,0.9778685002148689
bop_financial_account_net_assets_minus_liabilities_sa,103,0,103,103,0.9778685002148689
bop_financial_derivatives_net_assets_minus_liabilities_sa,103,0,103,103,0.9778685002148689
bop_net_errors_and_omissions_net_assets_minus_liabilities_sa,103,0,103,103,0.9778685002148689
bop_other_investment_assets_or_net_acquisition_of_assets_sa,103,0,103,103,0.9778685002148689
bop_other_investment_liabilities_or_net_incurrence_of_liabilities_sa,103,0,103,103,0.9778685002148689
bop_other_investment_net_assets_minus_liabilities_sa,103,0,103,103,0.9778685002148689
bop_portfolio_investment_assets_or_net_acquisition_of_assets_sa,103,0,103,103,0.9778685002148689
bop_portfolio_investment_liabilities_or_net_incurrence_of_liabilities_sa,103,0,103,103,0.9778685002148689
bop_portfolio_investment_net_assets_minus_liabilities_sa,103,0,103,103,0.9778685002148689
bop_reserve_assets_assets_or_net_acquisition_of_assets_sa,103,0,103,103,0.9778685002148689
trailing_ebit,102,92,15,102,0.9998390776308441
trailing_interest_expense,101,89,19,101,0.99984065530113
trailing_other_non_operating_income_expenses,100,83,20,100,0.9998422329714157
annual_rent_and_landing_fees,98,32,20,98,0.9998453883119874
trailing_depreciation_and_amortization_in_income_statement,97,86,14,97,0.9998469659822733
trailing_reconciled_depreciation,97,86,15,97,0.9998469659822733
trailing_depreciation_income_statement,96,86,15,96,0.9998485436525592
trailing_depreciation_amortization_depletion_income_statement,94,84,16,94,0.9998516989931309
split,83,46,80,83,0.9998690533662751
annual_minority_interests,79,25,23,79,0.9998753640474185
trailing_total_unusual_items,74,53,14,74,0.9998832523988477
trailing_total_unusual_items_excluding_goodwill,73,53,14,73,0.9998848300691335
trailing_salaries_and_wages,70,63,11,70,0.999889563079991
trailing_amortization,66,56,15,66,0.9998958737611344
trailing_amortization_of_intangibles_income_statement,66,57,15,66,0.9998958737611344
new_registrations_passenger_cars,61,0,61,61,0.9868929952728835
trailing_selling_and_marketing_expense,55,47,17,55,0.9999132281342786
trailing_other_gand_a,51,43,14,51,0.9999195388154221
trailing_special_income_charges,47,37,13,47,0.9999258494965654
trailing_impairment_of_capital_assets,39,32,10,39,0.9999384708588521
annual_non_interest_income,35,10,24,35,0.9999447815399956
annual_fees_and_commissions,31,9,21,31,0.9999510922211389
annual_diluted_niavailto_com_stockholders,30,8,23,30,0.9999526698914247
annual_net_income_discontinuous_operations,27,13,18,27,0.9999574029022823
annual_dividend_income,25,8,19,25,0.9999605582428539
nz_labor_tax_average_income_tax_rate_percentage_of_gross_wage_earnings_single_person_2_children_67%_of_average_wage,25,0,25,25,0.9946282767511818
nz_labor_tax_average_income_tax_rate_percentage_of_gross_wage_earnings_single_person_no_children_100%_of_average_wage,25,0,25,25,0.9946282767511818
nz_labor_tax_average_income_tax_rate_percentage_of_gross_wage_earnings_single_person_no_children_167%_of_average_wage,25,0,25,25,0.9946282767511818
nz_labor_tax_average_income_tax_rate_percentage_of_gross_wage_earnings_single_person_no_children_67%_of_average_wage,25,0,25,25,0.9946282767511818
nz_labor_tax_average_rate_of_employees'_social_security_contributions_percentage_of_gross_wage_earnings_single_person_2_children_67%_of_average_wage,25,0,25,25,0.9946282767511818
nz_labor_tax_average_rate_of_employees'_social_security_contributions_percentage_of_gross_wage_earnings_single_person_no_children_100%_of_average_wage,25,0,25,25,0.9946282767511818
nz_labor_tax_average_rate_of_employees'_social_security_contributions_percentage_of_gross_wage_earnings_single_person_no_children_167%_of_average_wage,25,0,25,25,0.9946282767511818
nz_labor_tax_average_rate_of_employees'_social_security_contributions_percentage_of_gross_wage_earnings_single_person_no_children_67%_of_average_wage,25,0,25,25,0.9946282767511818
nz_labor_tax_average_rate_of_employer's_social_security_contributions_percentage_of_gross_wage_earnings_single_person_2_children_67%_of_average_wage,25,0,25,25,0.9946282767511818
nz_labor_tax_average_rate_of_employer's_social_security_contributions_percentage_of_gross_wage_earnings_single_person_no_children_100%_of_average_wage,25,0,25,25,0.9946282767511818
nz_labor_tax_average_rate_of_employer's_social_security_contributions_percentage_of_gross_wage_earnings_single_person_no_children_167%_of_average_wage,25,0,25,25,0.9946282767511818
nz_labor_tax_average_rate_of_employer's_social_security_contributions_percentage_of_gross_wage_earnings_single_person_no_children_67%_of_average_wage,25,0,25,25,0.9946282767511818
nz_labor_tax_average_tax_wedge_percentage_of_labour_costs_single_person_2_children_67%_of_average_wage,25,0,25,25,0.9946282767511818
nz_labor_tax_average_tax_wedge_percentage_of_labour_costs_single_person_no_children_100%_of_average_wage,25,0,25,25,0.9946282767511818
nz_labor_tax_average_tax_wedge_percentage_of_labour_costs_single_person_no_children_167%_of_average_wage,25,0,25,25,0.9946282767511818
nz_labor_tax_average_tax_wedge_percentage_of_labour_costs_single_person_no_children_67%_of_average_wage,25,0,25,25,0.9946282767511818
nz_labor_tax_basic_tax_credit_national_currency_single_person_2_children_67%_of_average_wage,25,0,25,25,0.9946282767511818
nz_labor_tax_basic_tax_credit_national_currency_single_person_no_children_100%_of_average_wage,25,0,25,25,0.9946282767511818
nz_labor_tax_basic_tax_credit_national_currency_single_person_no_children_167%_of_average_wage,25,0,25,25,0.9946282767511818
nz_labor_tax_basic_tax_credit_national_currency_single_person_no_children_67%_of_average_wage,25,0,25,25,0.9946282767511818
nz_labor_tax_cash_transfers_for_two_children_national_currency_single_person_2_children_67%_of_average_wage,25,0,25,25,0.9946282767511818
nz_labor_tax_cash_transfers_for_two_children_national_currency_single_person_no_children_100%_of_average_wage,25,0,25,25,0.9946282767511818
nz_labor_tax_cash_transfers_for_two_children_national_currency_single_person_no_children_167%_of_average_wage,25,0,25,25,0.9946282767511818
nz_labor_tax_cash_transfers_for_two_children_national_currency_single_person_no_children_67%_of_average_wage,25,0,25,25,0.9946282767511818
nz_labor_tax_cash_transfers_from_general_government_national_currency_single_person_2_children_67%_of_average_wage,25,0,25,25,0.9946282767511818
nz_labor_tax_cash_transfers_from_general_government_national_currency_single_person_no_children_100%_of_average_wage,25,0,25,25,0.9946282767511818
nz_labor_tax_cash_transfers_from_general_government_national_currency_single_person_no_children_167%_of_average_wage,25,0,25,25,0.9946282767511818
nz_labor_tax_cash_transfers_from_general_government_national_currency_single_person_no_children_67%_of_average_wage,25,0,25,25,0.9946282767511818
nz_labor_tax_cash_transfers_percentage_of_labour_costs_single_person_2_children_67%_of_average_wage,25,0,25,25,0.9946282767511818
nz_labor_tax_cash_transfers_percentage_of_labour_costs_single_person_no_children_100%_of_average_wage,25,0,25,25,0.9946282767511818
nz_labor_tax_cash_transfers_percentage_of_labour_costs_single_person_no_children_167%_of_average_wage,25,0,25,25,0.9946282767511818
nz_labor_tax_cash_transfers_percentage_of_labour_costs_single_person_no_children_67%_of_average_wage,25,0,25,25,0.9946282767511818
nz_labor_tax_central_government_income_tax_finally_paid_national_currency_single_person_2_children_67%_of_average_wage,25,0,25,25,0.9946282767511818
nz_labor_tax_central_government_income_tax_finally_paid_national_currency_single_person_no_children_100%_of_average_wage,25,0,25,25,0.9946282767511818
nz_labor_tax_central_government_income_tax_finally_paid_national_currency_single_person_no_children_167%_of_average_wage,25,0,25,25,0.9946282767511818
nz_labor_tax_central_government_income_tax_finally_paid_national_currency_single_person_no_children_67%_of_average_wage,25,0,25,25,0.9946282767511818
nz_labor_tax_central_government_income_tax_liability_exclusive_of_tax_credits_national_currency_single_person_2_children_67%_of_average_wage,25,0,25,25,0.9946282767511818
nz_labor_tax_central_government_income_tax_liability_exclusive_of_tax_credits_national_currency_single_person_no_children_100%_of_average_wage,25,0,25,25,0.9946282767511818
nz_labor_tax_central_government_income_tax_liability_exclusive_of_tax_credits_national_currency_single_person_no_children_167%_of_average_wage,25,0,25,25,0.9946282767511818
nz_labor_tax_central_government_income_tax_liability_exclusive_of_tax_credits_national_currency_single_person_no_children_67%_of_average_wage,25,0,25,25,0.9946282767511818
nz_labor_tax_central_government_taxable_income_national_currency_single_person_2_children_67%_of_average_wage,25,0,25,25,0.9946282767511818
nz_labor_tax_central_government_taxable_income_national_currency_single_person_no_children_100%_of_average_wage,25,0,25,25,0.9946282767511818
nz_labor_tax_central_government_taxable_income_national_currency_single_person_no_children_167%_of_average_wage,25,0,25,25,0.9946282767511818
nz_labor_tax_central_government_taxable_income_national_currency_single_person_no_children_67%_of_average_wage,25,0,25,25,0.9946282767511818
nz_labor_tax_employee_social_security_contributions_percentage_of_labour_costs_single_person_2_children_67%_of_average_wage,25,0,25,25,0.9946282767511818
nz_labor_tax_employee_social_security_contributions_percentage_of_labour_costs_single_person_no_children_100%_of_average_wage,25,0,25,25,0.9946282767511818
nz_labor_tax_employee_social_security_contributions_percentage_of_labour_costs_single_person_no_children_167%_of_average_wage,25,0,25,25,0.9946282767511818
nz_labor_tax_employee_social_security_contributions_percentage_of_labour_costs_single_person_no_children_67%_of_average_wage,25,0,25,25,0.9946282767511818
nz_labor_tax_employees'_compulsory_social_security_contributions_national_currency_single_person_2_children_67%_of_average_wage,25,0,25,25,0.9946282767511818
nz_labor_tax_employees'_compulsory_social_security_contributions_national_currency_single_person_no_children_100%_of_average_wage,25,0,25,25,0.9946282767511818
nz_labor_tax_employees'_compulsory_social_security_contributions_national_currency_single_person_no_children_167%_of_average_wage,25,0,25,25,0.9946282767511818
nz_labor_tax_employees'_compulsory_social_security_contributions_national_currency_single_person_no_children_67%_of_average_wage,25,0,25,25,0.9946282767511818
nz_labor_tax_employees'_compulsory_social_security_contributions_payable_on_gross_earnings_national_currency_single_person_2_children_67%_of_average_wage,25,0,25,25,0.9946282767511818
nz_labor_tax_employees'_compulsory_social_security_contributions_payable_on_gross_earnings_national_currency_single_person_no_children_100%_of_average_wage,25,0,25,25,0.9946282767511818
nz_labor_tax_employees'_compulsory_social_security_contributions_payable_on_gross_earnings_national_currency_single_person_no_children_167%_of_average_wage,25,0,25,25,0.9946282767511818
nz_labor_tax_employees'_compulsory_social_security_contributions_payable_on_gross_earnings_national_currency_single_person_no_children_67%_of_average_wage,25,0,25,25,0.9946282767511818
nz_labor_tax_employer_social_security_contributions_percentage_of_labour_costs_single_person_2_children_67%_of_average_wage,25,0,25,25,0.9946282767511818
nz_labor_tax_employer_social_security_contributions_percentage_of_labour_costs_single_person_no_children_100%_of_average_wage,25,0,25,25,0.9946282767511818
nz_labor_tax_employer_social_security_contributions_percentage_of_labour_costs_single_person_no_children_167%_of_average_wage,25,0,25,25,0.9946282767511818
nz_labor_tax_employer_social_security_contributions_percentage_of_labour_costs_single_person_no_children_67%_of_average_wage,25,0,25,25,0.9946282767511818
nz_labor_tax_employers'_compulsory_social_security_contributions_national_currency_single_person_2_children_67%_of_average_wage,25,0,25,25,0.9946282767511818
nz_labor_tax_employers'_compulsory_social_security_contributions_national_currency_single_person_no_children_100%_of_average_wage,25,0,25,25,0.9946282767511818
nz_labor_tax_employers'_compulsory_social_security_contributions_national_currency_single_person_no_children_167%_of_average_wage,25,0,25,25,0.9946282767511818
nz_labor_tax_employers'_compulsory_social_security_contributions_national_currency_single_person_no_children_67%_of_average_wage,25,0,25,25,0.9946282767511818
nz_labor_tax_gross_earnings_before_taxes_national_currency_single_person_2_children_67%_of_average_wage,25,0,25,25,0.9946282767511818
nz_labor_tax_gross_earnings_before_taxes_national_currency_single_person_no_children_100%_of_average_wage,25,0,25,25,0.9946282767511818
nz_labor_tax_gross_earnings_before_taxes_national_currency_single_person_no_children_167%_of_average_wage,25,0,25,25,0.9946282767511818
nz_labor_tax_gross_earnings_before_taxes_national_currency_single_person_no_children_67%_of_average_wage,25,0,25,25,0.9946282767511818
nz_labor_tax_income_tax_percentage_of_labour_costs_single_person_2_children_67%_of_average_wage,25,0,25,25,0.9946282767511818
nz_labor_tax_income_tax_percentage_of_labour_costs_single_person_no_children_100%_of_average_wage,25,0,25,25,0.9946282767511818
nz_labor_tax_income_tax_percentage_of_labour_costs_single_person_no_children_167%_of_average_wage,25,0,25,25,0.9946282767511818
nz_labor_tax_income_tax_percentage_of_labour_costs_single_person_no_children_67%_of_average_wage,25,0,25,25,0.9946282767511818
nz_labor_tax_labour_costs_national_currency_single_person_2_children_67%_of_average_wage,25,0,25,25,0.9946282767511818
nz_labor_tax_labour_costs_national_currency_single_person_no_children_100%_of_average_wage,25,0,25,25,0.9946282767511818
nz_labor_tax_labour_costs_national_currency_single_person_no_children_167%_of_average_wage,25,0,25,25,0.9946282767511818
nz_labor_tax_labour_costs_national_currency_single_person_no_children_67%_of_average_wage,25,0,25,25,0.9946282767511818
nz_labor_tax_marginal_tax_wedge_of_the_principal_earner_percentage_of_labour_costs_single_person_2_children_67%_of_average_wage,25,0,25,25,0.9946282767511818
nz_labor_tax_marginal_tax_wedge_of_the_principal_earner_percentage_of_labour_costs_single_person_no_children_100%_of_average_wage,25,0,25,25,0.9946282767511818
nz_labor_tax_marginal_tax_wedge_of_the_principal_earner_percentage_of_labour_costs_single_person_no_children_167%_of_average_wage,25,0,25,25,0.9946282767511818
nz_labor_tax_marginal_tax_wedge_of_the_principal_earner_percentage_of_labour_costs_single_person_no_children_67%_of_average_wage,25,0,25,25,0.9946282767511818
nz_labor_tax_net_personal_average_tax_rate_percentage_of_gross_wage_earnings_single_person_2_children_67%_of_average_wage,25,0,25,25,0.9946282767511818
nz_labor_tax_net_personal_average_tax_rate_percentage_of_gross_wage_earnings_single_person_no_children_100%_of_average_wage,25,0,25,25,0.9946282767511818
nz_labor_tax_net_personal_average_tax_rate_percentage_of_gross_wage_earnings_single_person_no_children_167%_of_average_wage,25,0,25,25,0.9946282767511818
nz_labor_tax_net_personal_average_tax_rate_percentage_of_gross_wage_earnings_single_person_no_children_67%_of_average_wage,25,0,25,25,0.9946282767511818
nz_labor_tax_net_personal_marginal_tax_rate_of_the_principal_earner_percentage_of_gross_wage_earnings_single_person_2_children_67%_of_average_wage,25,0,25,25,0.9946282767511818
nz_labor_tax_net_personal_marginal_tax_rate_of_the_principal_earner_percentage_of_gross_wage_earnings_single_person_no_children_100%_of_average_wage,25,0,25,25,0.9946282767511818
nz_labor_tax_net_personal_marginal_tax_rate_of_the_principal_earner_percentage_of_gross_wage_earnings_single_person_no_children_167%_of_average_wage,25,0,25,25,0.9946282767511818
nz_labor_tax_net_personal_marginal_tax_rate_of_the_principal_earner_percentage_of_gross_wage_earnings_single_person_no_children_67%_of_average_wage,25,0,25,25,0.9946282767511818
nz_labor_tax_standard_tax_allowances_national_currency_single_person_2_children_67%_of_average_wage,25,0,25,25,0.9946282767511818
nz_labor_tax_standard_tax_allowances_national_currency_single_person_no_children_100%_of_average_wage,25,0,25,25,0.9946282767511818
nz_labor_tax_standard_tax_allowances_national_currency_single_person_no_children_167%_of_average_wage,25,0,25,25,0.9946282767511818
nz_labor_tax_standard_tax_allowances_national_currency_single_person_no_children_67%_of_average_wage,25,0,25,25,0.9946282767511818
nz_labor_tax_state_and_local_taxes_national_currency_single_person_2_children_67%_of_average_wage,25,0,25,25,0.9946282767511818
nz_labor_tax_state_and_local_taxes_national_currency_single_person_no_children_100%_of_average_wage,25,0,25,25,0.9946282767511818
nz_labor_tax_state_and_local_taxes_national_currency_single_person_no_children_167%_of_average_wage,25,0,25,25,0.9946282767511818
nz_labor_tax_state_and_local_taxes_national_currency_single_person_no_children_67%_of_average_wage,25,0,25,25,0.9946282767511818
nz_labor_tax_take_home_pay_national_currency_single_person_2_children_67%_of_average_wage,25,0,25,25,0.9946282767511818
nz_labor_tax_take_home_pay_national_currency_single_person_no_children_100%_of_average_wage,25,0,25,25,0.9946282767511818
nz_labor_tax_take_home_pay_national_currency_single_person_no_children_167%_of_average_wage,25,0,25,25,0.9946282767511818
nz_labor_tax_take_home_pay_national_currency_single_person_no_children_67%_of_average_wage,25,0,25,25,0.9946282767511818
nz_labor_tax_tax_credits_national_currency_single_person_2_children_67%_of_average_wage,25,0,25,25,0.9946282767511818
nz_labor_tax_tax_credits_national_currency_single_person_no_children_100%_of_average_wage,25,0,25,25,0.9946282767511818
nz_labor_tax_tax_credits_national_currency_single_person_no_children_167%_of_average_wage,25,0,25,25,0.9946282767511818
nz_labor_tax_tax_credits_national_currency_single_person_no_children_67%_of_average_wage,25,0,25,25,0.9946282767511818
nz_labor_tax_tax_credits_or_cash_transfers_included_in_taxable_income_national_currency_single_person_2_children_67%_of_average_wage,25,0,25,25,0.9946282767511818
nz_labor_tax_tax_credits_or_cash_transfers_included_in_taxable_income_national_currency_single_person_no_children_100%_of_average_wage,25,0,25,25,0.9946282767511818
nz_labor_tax_tax_credits_or_cash_transfers_included_in_taxable_income_national_currency_single_person_no_children_167%_of_average_wage,25,0,25,25,0.9946282767511818
nz_labor_tax_tax_credits_or_cash_transfers_included_in_taxable_income_national_currency_single_person_no_children_67%_of_average_wage,25,0,25,25,0.9946282767511818
nz_labor_tax_total_payments_to_general_government_national_currency_single_person_2_children_67%_of_average_wage,25,0,25,25,0.9946282767511818
nz_labor_tax_total_payments_to_general_government_national_currency_single_person_no_children_100%_of_average_wage,25,0,25,25,0.9946282767511818
nz_labor_tax_total_payments_to_general_government_national_currency_single_person_no_children_167%_of_average_wage,25,0,25,25,0.9946282767511818
nz_labor_tax_total_payments_to_general_government_national_currency_single_person_no_children_67%_of_average_wage,25,0,25,25,0.9946282767511818
nz_tax_taxes_on_goods_and_services_central_government_national_currency,25,0,25,25,0.9946282767511818
nz_tax_taxes_on_goods_and_services_central_government_percentage_of_gdp,25,0,25,25,0.9946282767511818
nz_tax_taxes_on_goods_and_services_central_government_percentage_of_revenues_in_the_same_institutional_sector,25,0,25,25,0.9946282767511818
nz_tax_taxes_on_goods_and_services_central_government_us_dollar,25,0,25,25,0.9946282767511818
nz_tax_taxes_on_goods_and_services_general_government_national_currency,25,0,25,25,0.9946282767511818
nz_tax_taxes_on_goods_and_services_general_government_percentage_of_gdp,25,0,25,25,0.9946282767511818
nz_tax_taxes_on_goods_and_services_general_government_percentage_of_revenues_in_the_same_institutional_sector,25,0,25,25,0.9946282767511818
nz_tax_taxes_on_goods_and_services_general_government_us_dollar,25,0,25,25,0.9946282767511818
nz_tax_taxes_on_goods_and_services_local_government_national_currency,25,0,25,25,0.9946282767511818
nz_tax_taxes_on_goods_and_services_local_government_percentage_of_gdp,25,0,25,25,0.9946282767511818
nz_tax_taxes_on_goods_and_services_local_government_percentage_of_revenues_in_the_same_institutional_sector,25,0,25,25,0.9946282767511818
nz_tax_taxes_on_goods_and_services_local_government_us_dollar,25,0,25,25,0.9946282767511818
nz_tax_taxes_on_income_profits_and_capital_gains_of_individuals_and_corporations_central_government_national_currency,25,0,25,25,0.9946282767511818
nz_tax_taxes_on_income_profits_and_capital_gains_of_individuals_and_corporations_central_government_percentage_of_gdp,25,0,25,25,0.9946282767511818
nz_tax_taxes_on_income_profits_and_capital_gains_of_individuals_and_corporations_central_government_percentage_of_revenues_in_the_same_institutional_sector,25,0,25,25,0.9946282767511818
nz_tax_taxes_on_income_profits_and_capital_gains_of_individuals_and_corporations_central_government_us_dollar,25,0,25,25,0.9946282767511818
nz_tax_taxes_on_income_profits_and_capital_gains_of_individuals_and_corporations_general_government_national_currency,25,0,25,25,0.9946282767511818
nz_tax_taxes_on_income_profits_and_capital_gains_of_individuals_and_corporations_general_government_percentage_of_gdp,25,0,25,25,0.9946282767511818
nz_tax_taxes_on_income_profits_and_capital_gains_of_individuals_and_corporations_general_government_percentage_of_revenues_in_the_same_institutional_sector,25,0,25,25,0.9946282767511818
nz_tax_taxes_on_income_profits_and_capital_gains_of_individuals_and_corporations_general_government_us_dollar,25,0,25,25,0.9946282767511818
nz_tax_taxes_on_property_central_government_national_currency,25,0,25,25,0.9946282767511818
nz_tax_taxes_on_property_central_government_percentage_of_gdp,25,0,25,25,0.9946282767511818
nz_tax_taxes_on_property_central_government_percentage_of_revenues_in_the_same_institutional_sector,25,0,25,25,0.9946282767511818
nz_tax_taxes_on_property_central_government_us_dollar,25,0,25,25,0.9946282767511818
nz_tax_taxes_on_property_general_government_national_currency,25,0,25,25,0.9946282767511818
nz_tax_taxes_on_property_general_government_percentage_of_gdp,25,0,25,25,0.9946282767511818
nz_tax_taxes_on_property_general_government_percentage_of_revenues_in_the_same_institutional_sector,25,0,25,25,0.9946282767511818
nz_tax_taxes_on_property_general_government_us_dollar,25,0,25,25,0.9946282767511818
nz_tax_taxes_on_property_local_government_national_currency,25,0,25,25,0.9946282767511818
nz_tax_taxes_on_property_local_government_percentage_of_gdp,25,0,25,25,0.9946282767511818
nz_tax_taxes_on_property_local_government_percentage_of_revenues_in_the_same_institutional_sector,25,0,25,25,0.9946282767511818
nz_tax_taxes_on_property_local_government_us_dollar,25,0,25,25,0.9946282767511818
nz_tax_total_tax_revenue_central_government_national_currency,25,0,25,25,0.9946282767511818
nz_tax_total_tax_revenue_central_government_percentage_of_gdp,25,0,25,25,0.9946282767511818
nz_tax_total_tax_revenue_central_government_percentage_of_revenues_in_the_same_institutional_sector,25,0,25,25,0.9946282767511818
nz_tax_total_tax_revenue_central_government_us_dollar,25,0,25,25,0.9946282767511818
nz_tax_total_tax_revenue_general_government_national_currency,25,0,25,25,0.9946282767511818
nz_tax_total_tax_revenue_general_government_percentage_of_gdp,25,0,25,25,0.9946282767511818
nz_tax_total_tax_revenue_general_government_percentage_of_revenues_in_the_same_institutional_sector,25,0,25,25,0.9946282767511818
nz_tax_total_tax_revenue_general_government_us_dollar,25,0,25,25,0.9946282767511818
nz_tax_total_tax_revenue_local_government_national_currency,25,0,25,25,0.9946282767511818
nz_tax_total_tax_revenue_local_government_percentage_of_gdp,25,0,25,25,0.9946282767511818
nz_tax_total_tax_revenue_local_government_percentage_of_revenues_in_the_same_institutional_sector,25,0,25,25,0.9946282767511818
nz_tax_total_tax_revenue_local_government_us_dollar,25,0,25,25,0.9946282767511818
nz_pensions_investment_national_currency,24,0,24,24,0.9948431456811345
nz_pensions_investment_percentage_of_gdp,24,0,24,24,0.9948431456811345
nz_pensions_investment_us_dollar,24,0,24,24,0.9948431456811345
trailing_minority_interests,24,21,10,24,0.9999621359131398
trailing_rent_and_landing_fees,24,24,7,24,0.9999621359131398
aquaculture_production_tonnes_arg,23,0,23,23,0.9950580146110872
aquaculture_production_tonnes_aus,23,0,23,23,0.9950580146110872
aquaculture_production_tonnes_aut,23,0,23,23,0.9950580146110872
aquaculture_production_tonnes_bel,23,0,23,23,0.9950580146110872
aquaculture_production_tonnes_bgd,23,0,23,23,0.9950580146110872
aquaculture_production_tonnes_bgr,23,0,23,23,0.9950580146110872
aquaculture_production_tonnes_bra,23,0,23,23,0.9950580146110872
aquaculture_production_tonnes_can,23,0,23,23,0.9950580146110872
aquaculture_production_tonnes_che,23,0,23,23,0.9950580146110872
aquaculture_production_tonnes_chl,23,0,23,23,0.9950580146110872
aquaculture_production_tonnes_chn,23,0,23,23,0.9950580146110872
aquaculture_production_tonnes_col,23,0,23,23,0.9950580146110872
aquaculture_production_tonnes_cri,23,0,23,23,0.9950580146110872
aquaculture_production_tonnes_cze,23,0,23,23,0.9950580146110872
aquaculture_production_tonnes_deu,23,0,23,23,0.9950580146110872
aquaculture_production_tonnes_dnk,23,0,23,23,0.9950580146110872
aquaculture_production_tonnes_esp,23,0,23,23,0.9950580146110872
aquaculture_production_tonnes_est,23,0,23,23,0.9950580146110872
aquaculture_production_tonnes_fin,23,0,23,23,0.9950580146110872
aquaculture_production_tonnes_fra,23,0,23,23,0.9950580146110872
aquaculture_production_tonnes_gbr,23,0,23,23,0.9950580146110872
aquaculture_production_tonnes_grc,23,0,23,23,0.9950580146110872
aquaculture_production_tonnes_hrv,23,0,23,23,0.9950580146110872
aquaculture_production_tonnes_hun,23,0,23,23,0.9950580146110872
aquaculture_production_tonnes_idn,23,0,23,23,0.9950580146110872
aquaculture_production_tonnes_ind,23,0,23,23,0.9950580146110872
aquaculture_production_tonnes_irl,23,0,23,23,0.9950580146110872
aquaculture_production_tonnes_isl,23,0,23,23,0.9950580146110872
aquaculture_production_tonnes_isr,23,0,23,23,0.9950580146110872
aquaculture_production_tonnes_ita,23,0,23,23,0.9950580146110872
aquaculture_production_tonnes_jpn,23,0,23,23,0.9950580146110872
aquaculture_production_tonnes_kor,23,0,23,23,0.9950580146110872
aquaculture_production_tonnes_ltu,23,0,23,23,0.9950580146110872
aquaculture_production_tonnes_lva,23,0,23,23,0.9950580146110872
aquaculture_production_tonnes_mex,23,0,23,23,0.9950580146110872
aquaculture_production_tonnes_mys,23,0,23,23,0.9950580146110872
aquaculture_production_tonnes_nld,23,0,23,23,0.9950580146110872
aquaculture_production_tonnes_nor,23,0,23,23,0.9950580146110872
aquaculture_production_tonnes_nzl,23,0,23,23,0.9950580146110872
aquaculture_production_tonnes_per,23,0,23,23,0.9950580146110872
aquaculture_production_tonnes_phl,23,0,23,23,0.9950580146110872
aquaculture_production_tonnes_pol,23,0,23,23,0.9950580146110872
aquaculture_production_tonnes_prt,23,0,23,23,0.9950580146110872
aquaculture_production_tonnes_rou,23,0,23,23,0.9950580146110872
aquaculture_production_tonnes_svk,23,0,23,23,0.9950580146110872
aquaculture_production_tonnes_svn,23,0,23,23,0.9950580146110872
aquaculture_production_tonnes_swe,23,0,23,23,0.9950580146110872
aquaculture_production_tonnes_tha,23,0,23,23,0.9950580146110872
aquaculture_production_tonnes_tur,23,0,23,23,0.9950580146110872
aquaculture_production_tonnes_twn,23,0,23,23,0.9950580146110872
aquaculture_production_tonnes_usa,23,0,23,23,0.9950580146110872
aquaculture_production_tonnes_vnm,23,0,23,23,0.9950580146110872
nz_pensions_investment_percentage_change,23,0,23,23,0.9950580146110872
annual_feesand_commission_expense,22,6,19,22,0.9999652912537115
annual_other_special_charges,20,13,12,20,0.9999684465942832
nz_tax_other_taxes_central_government_national_currency,18,0,18,18,0.9961323592608509
nz_tax_other_taxes_central_government_percentage_of_gdp,18,0,18,18,0.9961323592608509
nz_tax_other_taxes_central_government_percentage_of_revenues_in_the_same_institutional_sector,18,0,18,18,0.9961323592608509
nz_tax_other_taxes_central_government_us_dollar,18,0,18,18,0.9961323592608509
nz_tax_other_taxes_general_government_national_currency,18,0,18,18,0.9961323592608509
nz_tax_other_taxes_general_government_percentage_of_gdp,18,0,18,18,0.9961323592608509
nz_tax_other_taxes_general_government_percentage_of_revenues_in_the_same_institutional_sector,18,0,18,18,0.9961323592608509
nz_tax_other_taxes_general_government_us_dollar,18,0,18,18,0.9961323592608509
annual_gain_on_sale_of_security,17,5,14,17,0.9999731796051406
nz_labor_employment_age15to24_male,17,0,17,17,0.9963472281908036
annual_restructuring_and_mergern_acquisition,16,6,12,16,0.9999747572754265
trailing_non_interest_income,14,10,9,14,0.9999779126159982
annual_feesand_commission_income,13,4,9,13,0.9999794902862841
annual_non_interest_expense,13,4,8,13,0.9999794902862841
annual_other_non_interest_income,13,4,8,13,0.9999794902862841
trailing_diluted_niavailto_com_stockholders,12,8,10,12,0.9999810679565699
nz_pensions_assets_overseas_issued_by_entities_located_abroad_national_currency,11,0,11,11,0.99763644177052
nz_pensions_assets_overseas_issued_by_entities_located_abroad_percentage_of_assets,11,0,11,11,0.99763644177052
nz_pensions_assets_overseas_issued_by_entities_located_abroad_us_dollar,11,0,11,11,0.99763644177052
nz_pensions_bills_and_bonds_issued_by_entities_located_abroad_national_currency,11,0,11,11,0.99763644177052
nz_pensions_bills_and_bonds_issued_by_entities_located_abroad_us_dollar,11,0,11,11,0.99763644177052
nz_pensions_bills_and_bonds_issued_by_public_and_private_sector_national_currency,11,0,11,11,0.99763644177052
nz_pensions_bills_and_bonds_issued_by_public_and_private_sector_percentage_of_assets,11,0,11,11,0.99763644177052
nz_pensions_bills_and_bonds_issued_by_public_and_private_sector_us_dollar,11,0,11,11,0.99763644177052
nz_pensions_bonds_issued_by_the_private_sector_national_currency,11,0,11,11,0.99763644177052
nz_pensions_bonds_issued_by_the_private_sector_percentage_of_bond_holdings,11,0,11,11,0.99763644177052
nz_pensions_bonds_issued_by_the_private_sector_us_dollar,11,0,11,11,0.99763644177052
nz_pensions_cash_and_deposits_in_entities_located_abroad_national_currency,11,0,11,11,0.99763644177052
nz_pensions_cash_and_deposits_in_entities_located_abroad_us_dollar,11,0,11,11,0.99763644177052
nz_pensions_cash_and_deposits_national_currency,11,0,11,11,0.99763644177052
nz_pensions_cash_and_deposits_percentage_of_assets,11,0,11,11,0.99763644177052
nz_pensions_cash_and_deposits_us_dollar,11,0,11,11,0.99763644177052
nz_pensions_equity_issued_by_entities_located_abroad_national_currency,11,0,11,11,0.99763644177052
nz_pensions_equity_issued_by_entities_located_abroad_us_dollar,11,0,11,11,0.99763644177052
nz_pensions_equity_national_currency,11,0,11,11,0.99763644177052
nz_pensions_equity_percentage_of_assets,11,0,11,11,0.99763644177052
nz_pensions_equity_us_dollar,11,0,11,11,0.99763644177052
nz_pensions_listed_equity_national_currency,11,0,11,11,0.99763644177052
nz_pensions_listed_equity_percentage_of_equity_holdings,11,0,11,11,0.99763644177052
nz_pensions_listed_equity_us_dollar,11,0,11,11,0.99763644177052
nz_pensions_loans_national_currency,11,0,11,11,0.99763644177052
nz_pensions_loans_percentage_of_assets,11,0,11,11,0.99763644177052
nz_pensions_loans_us_dollar,11,0,11,11,0.99763644177052
nz_pensions_mutual_funds_national_currency,11,0,11,11,0.99763644177052
nz_pensions_mutual_funds_percentage_of_assets,11,0,11,11,0.99763644177052
nz_pensions_mutual_funds_us_dollar,11,0,11,11,0.99763644177052
nz_pensions_unlisted_equity_national_currency,11,0,11,11,0.99763644177052
nz_pensions_unlisted_equity_percentage_of_equity_holdings,11,0,11,11,0.99763644177052
nz_pensions_unlisted_equity_us_dollar,11,0,11,11,0.99763644177052
trailing_fees_and_commissions,11,8,8,11,0.9999826456268557
nz_pensions_assets_overseas_issued_by_entities_located_abroad_percentage_change,10,0,10,10,0.9978513107004727
nz_pensions_bills_and_bonds_issued_by_public_and_private_sector_percentage_change,10,0,10,10,0.9978513107004727
nz_pensions_bonds_issued_by_the_private_sector_percentage_change,10,0,10,10,0.9978513107004727
nz_pensions_cash_and_deposits_in_entities_located_abroad_percentage_change,10,0,10,10,0.9978513107004727
nz_pensions_cash_and_deposits_percentage_change,10,0,10,10,0.9978513107004727
nz_pensions_equity_percentage_change,10,0,10,10,0.9978513107004727
nz_pensions_loans_percentage_change,10,0,10,10,0.9978513107004727
nz_pensions_mutual_funds_percentage_change,10,0,10,10,0.9978513107004727
trailing_net_income_discontinuous_operations,10,8,7,10,0.9999842232971415
nz_pensions_bills_and_bonds_issued_by_entities_located_abroad_percentage_change,9,0,9,9,0.9980661796304254
nz_pensions_equity_issued_by_entities_located_abroad_percentage_change,9,0,9,9,0.9980661796304254
trailing_feesand_commission_expense,9,6,7,9,0.9999858009674274
annual_other_non_interest_expense,8,2,8,8,0.9999873786377133
trailing_dividend_income,8,6,6,8,0.9999873786377133
trailing_restructuring_and_mergern_acquisition,8,7,4,8,0.9999873786377133
trailing_gain_on_sale_of_security,7,4,5,7,0.9999889563079991
annual_incomefrom_associatesand_other_participating_interests,6,3,5,6,0.999990533978285
annual_write_off,6,2,6,6,0.999990533978285
trailing_other_special_charges,6,6,5,6,0.999990533978285
annual_average_dilution_earnings,4,1,4,4,0.9999936893188567
annual_credit_losses_provision,4,1,4,4,0.9999936893188567
annual_foreign_exchange_trading_gains,4,1,4,4,0.9999936893188567
annual_insurance_and_claims,4,1,4,4,0.9999936893188567
annual_net_occupancy_expense,4,1,4,4,0.9999936893188567
annual_occupancy_and_equipment,4,1,4,4,0.9999936893188567
annual_professional_expense_and_contract_services_expense,4,1,4,4,0.9999936893188567
annual_rent_expense_supplemental,4,1,4,4,0.9999936893188567
annual_total_premiums_earned,4,1,4,4,0.9999936893188567
trailing_other_non_interest_income,4,4,2,4,0.9999936893188567
trailing_feesand_commission_income,3,3,2,3,0.9999952669891424
trailing_non_interest_expense,3,3,1,3,0.9999952669891424
annual_gain_on_sale_of_business,2,1,2,2,0.9999968446594283
trailing_other_non_interest_expense,2,2,2,2,0.9999968446594283
trailing_write_off,2,2,2,2,0.9999968446594283
trailing_average_dilution_earnings,1,1,1,1,0.9999984223297141
trailing_credit_losses_provision,1,1,1,1,0.9999984223297141
trailing_foreign_exchange_trading_gains,1,1,1,1,0.9999984223297141
trailing_incomefrom_associatesand_other_participating_interests,1,1,1,1,0.9999984223297141
trailing_insurance_and_claims,1,1,1,1,0.9999984223297141
trailing_net_occupancy_expense,1,1,1,1,0.9999984223297141
trailing_occupancy_and_equipment,1,1,1,1,0.9999984223297141
trailing_other_interest_expense,1,1,1,1,0.9999984223297141
trailing_preferred_stock_dividends,1,1,1,1,0.9999984223297141
trailing_professional_expense_and_contract_services_expense,1,1,1,1,0.9999984223297141
trailing_rent_expense_supplemental,1,1,1,1,0.9999984223297141
trailing_total_premiums_earned,1,1,1,1,0.9999984223297141
