feature,observation_dates,series_count,gap_count,median_gap_days,gap_p90_days,max_gap_days,irregularity_ratio,frequency_label
2008_financial_crisis_wiki_views,3943,1,3942,1.0,1.0,1.0,0.0,daily
2008_financial_crisis_wiki_views_desktop,3943,1,3942,1.0,1.0,1.0,0.0,daily
2008_financial_crisis_wiki_views_mobile,3943,1,3942,1.0,1.0,1.0,0.0,daily
adj_close,16546,140,590136,1.0,3.0,29.0,0.9255267568153958,daily
annual_amortization,32,73,181,365.0,366.0,731.0,0.10458742591865831,quarterly_or_slower
annual_amortization_of_intangibles_income_statement,32,72,180,365.0,366.0,731.0,0.10487370680267964,quarterly_or_slower
annual_average_dilution_earnings,4,1,3,365.0,365.8,366.0,0.0012915192350439223,quarterly_or_slower
annual_basic_average_shares,39,101,288,365.0,366.0,731.0,0.10955147796048377,quarterly_or_slower
annual_basic_eps,38,101,288,365.0,366.0,731.0,0.1095526480667742,quarterly_or_slower
annual_credit_losses_provision,4,1,3,365.0,365.8,366.0,0.0012915192350439223,quarterly_or_slower
annual_depreciation_amortization_depletion_income_statement,35,89,240,365.0,366.0,731.0,0.09637709108775269,quarterly_or_slower
annual_depreciation_and_amortization_in_income_statement,35,91,246,365.0,366.0,731.0,0.09520835390288634,quarterly_or_slower
annual_depreciation_income_statement,35,90,246,365.0,366.0,731.0,0.09520835390288634,quarterly_or_slower
annual_diluted_average_shares,38,101,286,365.0,366.0,1096.0,0.1708805256484539,quarterly_or_slower
annual_diluted_eps,39,101,291,365.0,366.0,1096.0,0.1240437185318951,quarterly_or_slower
annual_diluted_niavailto_com_stockholders,23,8,22,365.0,366.0,366.0,0.0013179334052625608,quarterly_or_slower
annual_dividend_income,19,8,17,365.0,366.0,731.0,0.2357005309765348,quarterly_or_slower
annual_ebit,35,92,261,365.0,366.0,731.0,0.07554473308419012,quarterly_or_slower
annual_ebitda,35,92,261,365.0,366.0,731.0,0.07554473308419012,quarterly_or_slower
annual_fees_and_commissions,21,9,22,365.0,366.0,366.0,0.0013179334052625608,quarterly_or_slower
annual_feesand_commission_expense,19,6,16,365.0,366.0,366.0,0.0013263641596600742,quarterly_or_slower
annual_feesand_commission_income,9,4,9,365.0,366.0,366.0,0.0012915192350439223,quarterly_or_slower
annual_foreign_exchange_trading_gains,4,1,3,365.0,365.8,366.0,0.0012915192350439223,quarterly_or_slower
annual_gain_on_sale_of_business,2,1,1,365.0,365.0,365.0,0.0,quarterly_or_slower
annual_gain_on_sale_of_security,14,5,12,365.0,366.0,731.0,0.27687014201705346,quarterly_or_slower
annual_general_and_administrative_expense,40,97,255,365.0,366.0,731.0,0.13161577791919377,quarterly_or_slower
annual_impairment_of_capital_assets,21,48,56,365.0,548.5,1096.0,0.44084084215224106,quarterly_or_slower
annual_incomefrom_associatesand_other_participating_interests,5,3,3,365.0,365.8,366.0,0.0012915192350439223,quarterly_or_slower
annual_insurance_and_claims,4,1,3,365.0,365.8,366.0,0.0012915192350439223,quarterly_or_slower
annual_interest_expense,40,97,256,365.0,366.0,731.0,0.076272327446798,quarterly_or_slower
annual_interest_income,37,98,251,365.0,366.0,731.0,0.07701815822447429,quarterly_or_slower
annual_minority_interests,23,25,54,365.0,366.0,731.0,0.22926203989649022,quarterly_or_slower
annual_net_income,40,102,284,365.0,366.0,1096.0,0.13859989133897402,quarterly_or_slower
annual_net_income_common_stockholders,40,102,284,365.0,366.0,1096.0,0.13859989133897402,quarterly_or_slower
annual_net_income_continuous_operations,40,102,284,365.0,366.0,1096.0,0.13859989133897402,quarterly_or_slower
annual_net_income_discontinuous_operations,18,13,14,365.0,366.0,1096.0,0.5155145612742559,quarterly_or_slower
annual_net_income_from_continuing_and_discontinued_operation,40,102,284,365.0,366.0,1096.0,0.13859989133897402,quarterly_or_slower
annual_net_income_from_continuing_operation_net_minority_interest,40,102,284,365.0,366.0,1096.0,0.13859989133897402,quarterly_or_slower
annual_net_income_including_noncontrolling_interests,40,102,284,365.0,366.0,1096.0,0.13859989133897402,quarterly_or_slower
annual_net_interest_income,40,102,283,365.0,366.0,731.0,0.07257859466290979,quarterly_or_slower
annual_net_occupancy_expense,4,1,3,365.0,365.8,366.0,0.0012915192350439223,quarterly_or_slower
annual_non_interest_expense,8,4,9,365.0,366.0,366.0,0.0012915192350439223,quarterly_or_slower
annual_non_interest_income,24,10,25,365.0,366.0,366.0,0.001315068493150685,quarterly_or_slower
annual_normalized_ebitda,35,92,261,365.0,366.0,731.0,0.07554473308419012,quarterly_or_slower
annual_normalized_income,40,102,284,365.0,366.0,1096.0,0.13859989133897402,quarterly_or_slower
annual_occupancy_and_equipment,4,1,3,365.0,365.8,366.0,0.0012915192350439223,quarterly_or_slower
annual_other_gand_a,28,54,115,365.0,366.0,731.0,0.13833228682791496,quarterly_or_slower
annual_other_non_interest_expense,8,2,6,365.0,366.0,366.0,0.0012915192350439223,quarterly_or_slower
annual_other_non_interest_income,8,4,9,365.0,366.0,366.0,0.0012915192350439223,quarterly_or_slower
annual_other_non_operating_income_expenses,35,90,234,365.0,366.0,1096.0,0.21928844107257373,quarterly_or_slower
annual_other_special_charges,12,13,7,365.0,512.0000000000001,731.0,0.35056828154960873,quarterly_or_slower
annual_pretax_income,40,102,284,365.0,366.0,1096.0,0.13859989133897402,quarterly_or_slower
annual_professional_expense_and_contract_services_expense,4,1,3,365.0,365.8,366.0,0.0012915192350439223,quarterly_or_slower
annual_reconciled_depreciation,35,92,249,365.0,366.0,731.0,0.09463970839162546,quarterly_or_slower
annual_rent_and_landing_fees,20,32,66,365.0,366.0,1096.0,0.24453562389102934,quarterly_or_slower
annual_rent_expense_supplemental,4,1,3,365.0,365.8,366.0,0.0012915192350439223,quarterly_or_slower
annual_restructuring_and_mergern_acquisition,12,6,10,365.0,366.0,366.0,0.0013421861604291387,quarterly_or_slower
annual_salaries_and_wages,30,71,183,365.0,366.0,731.0,0.13679163751836929,quarterly_or_slower
annual_selling_and_marketing_expense,34,54,125,365.0,366.0,731.0,0.15332936375235934,quarterly_or_slower
annual_selling_general_and_administration,40,100,268,365.0,366.0,731.0,0.1284542691814462,quarterly_or_slower
annual_special_income_charges,29,60,93,365.0,366.0,1096.0,0.37328918641229347,quarterly_or_slower
annual_tax_effect_of_unusual_items,40,102,284,365.0,366.0,1096.0,0.13859989133897402,quarterly_or_slower
annual_tax_provision,40,102,284,365.0,366.0,1096.0,0.13859989133897402,quarterly_or_slower
annual_tax_rate_for_calcs,40,102,284,365.0,366.0,1096.0,0.13859989133897402,quarterly_or_slower
annual_total_premiums_earned,4,1,3,365.0,365.8,366.0,0.0012915192350439223,quarterly_or_slower
annual_total_revenue,40,98,271,365.0,366.0,731.0,0.07415182675173904,quarterly_or_slower
annual_total_unusual_items,29,60,95,365.0,366.0,1096.0,0.36966758055752325,quarterly_or_slower
annual_total_unusual_items_excluding_goodwill,29,60,95,365.0,366.0,1096.0,0.36966758055752325,quarterly_or_slower
annual_write_off,6,2,4,365.5,621.5000000000001,731.0,0.43321159404547976,quarterly_or_slower
aquaculture_production_tonnes_arg,23,1,22,365.0,366.0,366.0,0.0012201692367537625,quarterly_or_slower
aquaculture_production_tonnes_aus,23,1,22,365.0,366.0,366.0,0.0012201692367537625,quarterly_or_slower
aquaculture_production_tonnes_aut,23,1,22,365.0,366.0,366.0,0.0012201692367537625,quarterly_or_slower
aquaculture_production_tonnes_bel,23,1,22,365.0,366.0,366.0,0.0012201692367537625,quarterly_or_slower
aquaculture_production_tonnes_bgd,23,1,22,365.0,366.0,366.0,0.0012201692367537625,quarterly_or_slower
aquaculture_production_tonnes_bgr,23,1,22,365.0,366.0,366.0,0.0012201692367537625,quarterly_or_slower
aquaculture_production_tonnes_bra,23,1,22,365.0,366.0,366.0,0.0012201692367537625,quarterly_or_slower
aquaculture_production_tonnes_can,23,1,22,365.0,366.0,366.0,0.0012201692367537625,quarterly_or_slower
aquaculture_production_tonnes_che,23,1,22,365.0,366.0,366.0,0.0012201692367537625,quarterly_or_slower
aquaculture_production_tonnes_chl,23,1,22,365.0,366.0,366.0,0.0012201692367537625,quarterly_or_slower
aquaculture_production_tonnes_chn,23,1,22,365.0,366.0,366.0,0.0012201692367537625,quarterly_or_slower
aquaculture_production_tonnes_col,23,1,22,365.0,366.0,366.0,0.0012201692367537625,quarterly_or_slower
aquaculture_production_tonnes_cri,23,1,22,365.0,366.0,366.0,0.0012201692367537625,quarterly_or_slower
aquaculture_production_tonnes_cze,23,1,22,365.0,366.0,366.0,0.0012201692367537625,quarterly_or_slower
aquaculture_production_tonnes_deu,23,1,22,365.0,366.0,366.0,0.0012201692367537625,quarterly_or_slower
aquaculture_production_tonnes_dnk,23,1,22,365.0,366.0,366.0,0.0012201692367537625,quarterly_or_slower
aquaculture_production_tonnes_esp,23,1,22,365.0,366.0,366.0,0.0012201692367537625,quarterly_or_slower
aquaculture_production_tonnes_est,23,1,22,365.0,366.0,366.0,0.0012201692367537625,quarterly_or_slower
aquaculture_production_tonnes_fin,23,1,22,365.0,366.0,366.0,0.0012201692367537625,quarterly_or_slower
aquaculture_production_tonnes_fra,23,1,22,365.0,366.0,366.0,0.0012201692367537625,quarterly_or_slower
aquaculture_production_tonnes_gbr,23,1,22,365.0,366.0,366.0,0.0012201692367537625,quarterly_or_slower
aquaculture_production_tonnes_grc,23,1,22,365.0,366.0,366.0,0.0012201692367537625,quarterly_or_slower
aquaculture_production_tonnes_hrv,23,1,22,365.0,366.0,366.0,0.0012201692367537625,quarterly_or_slower
aquaculture_production_tonnes_hun,23,1,22,365.0,366.0,366.0,0.0012201692367537625,quarterly_or_slower
aquaculture_production_tonnes_idn,23,1,22,365.0,366.0,366.0,0.0012201692367537625,quarterly_or_slower
aquaculture_production_tonnes_ind,23,1,22,365.0,366.0,366.0,0.0012201692367537625,quarterly_or_slower
aquaculture_production_tonnes_irl,23,1,22,365.0,366.0,366.0,0.0012201692367537625,quarterly_or_slower
aquaculture_production_tonnes_isl,23,1,22,365.0,366.0,366.0,0.0012201692367537625,quarterly_or_slower
aquaculture_production_tonnes_isr,23,1,22,365.0,366.0,366.0,0.0012201692367537625,quarterly_or_slower
aquaculture_production_tonnes_ita,23,1,22,365.0,366.0,366.0,0.0012201692367537625,quarterly_or_slower
aquaculture_production_tonnes_jpn,23,1,22,365.0,366.0,366.0,0.0012201692367537625,quarterly_or_slower
aquaculture_production_tonnes_kor,23,1,22,365.0,366.0,366.0,0.0012201692367537625,quarterly_or_slower
aquaculture_production_tonnes_ltu,23,1,22,365.0,366.0,366.0,0.0012201692367537625,quarterly_or_slower
aquaculture_production_tonnes_lva,23,1,22,365.0,366.0,366.0,0.0012201692367537625,quarterly_or_slower
aquaculture_production_tonnes_mex,23,1,22,365.0,366.0,366.0,0.0012201692367537625,quarterly_or_slower
aquaculture_production_tonnes_mys,23,1,22,365.0,366.0,366.0,0.0012201692367537625,quarterly_or_slower
aquaculture_production_tonnes_nld,23,1,22,365.0,366.0,366.0,0.0012201692367537625,quarterly_or_slower
aquaculture_production_tonnes_nor,23,1,22,365.0,366.0,366.0,0.0012201692367537625,quarterly_or_slower
aquaculture_production_tonnes_nzl,23,1,22,365.0,366.0,366.0,0.0012201692367537625,quarterly_or_slower
aquaculture_production_tonnes_per,23,1,22,365.0,366.0,366.0,0.0012201692367537625,quarterly_or_slower
aquaculture_production_tonnes_phl,23,1,22,365.0,366.0,366.0,0.0012201692367537625,quarterly_or_slower
aquaculture_production_tonnes_pol,23,1,22,365.0,366.0,366.0,0.0012201692367537625,quarterly_or_slower
aquaculture_production_tonnes_prt,23,1,22,365.0,366.0,366.0,0.0012201692367537625,quarterly_or_slower
aquaculture_production_tonnes_rou,23,1,22,365.0,366.0,366.0,0.0012201692367537625,quarterly_or_slower
aquaculture_production_tonnes_svk,23,1,22,365.0,366.0,366.0,0.0012201692367537625,quarterly_or_slower
aquaculture_production_tonnes_svn,23,1,22,365.0,366.0,366.0,0.0012201692367537625,quarterly_or_slower
aquaculture_production_tonnes_swe,23,1,22,365.0,366.0,366.0,0.0012201692367537625,quarterly_or_slower
aquaculture_production_tonnes_tha,23,1,22,365.0,366.0,366.0,0.0012201692367537625,quarterly_or_slower
aquaculture_production_tonnes_tur,23,1,22,365.0,366.0,366.0,0.0012201692367537625,quarterly_or_slower
aquaculture_production_tonnes_twn,23,1,22,365.0,366.0,366.0,0.0012201692367537625,quarterly_or_slower
aquaculture_production_tonnes_usa,23,1,22,365.0,366.0,366.0,0.0012201692367537625,quarterly_or_slower
aquaculture_production_tonnes_vnm,23,1,22,365.0,366.0,366.0,0.0012201692367537625,quarterly_or_slower
artificial_intelligence_wiki_views,3943,1,3942,1.0,1.0,1.0,0.0,daily
artificial_intelligence_wiki_views_desktop,3943,1,3942,1.0,1.0,1.0,0.0,daily
artificial_intelligence_wiki_views_mobile,3943,1,3942,1.0,1.0,1.0,0.0,daily
auckland_wiki_views,3943,1,3942,1.0,1.0,1.0,0.0,daily
auckland_wiki_views_desktop,3943,1,3942,1.0,1.0,1.0,0.0,daily
auckland_wiki_views_mobile,3943,1,3942,1.0,1.0,1.0,0.0,daily
bank_of_england_wiki_views,3943,1,3942,1.0,1.0,1.0,0.0,daily
bank_of_england_wiki_views_desktop,3943,1,3942,1.0,1.0,1.0,0.0,daily
bank_of_england_wiki_views_mobile,3943,1,3942,1.0,1.0,1.0,0.0,daily
bank_run_wiki_views,3943,1,3942,1.0,1.0,1.0,0.0,daily
bank_run_wiki_views_desktop,3943,1,3942,1.0,1.0,1.0,0.0,daily
bank_run_wiki_views_mobile,3943,1,3942,1.0,1.0,1.0,0.0,daily
bankruptcy_wiki_views,3943,1,3942,1.0,1.0,1.0,0.0,daily
bankruptcy_wiki_views_desktop,3943,1,3942,1.0,1.0,1.0,0.0,daily
bankruptcy_wiki_views_mobile,3943,1,3942,1.0,1.0,1.0,0.0,daily
bear_market_wiki_views,3943,1,3942,1.0,1.0,1.0,0.0,daily
bear_market_wiki_views_desktop,3943,1,3942,1.0,1.0,1.0,0.0,daily
bear_market_wiki_views_mobile,3943,1,3942,1.0,1.0,1.0,0.0,daily
beef_wiki_views,3943,1,3942,1.0,1.0,1.0,0.0,daily
beef_wiki_views_desktop,3943,1,3942,1.0,1.0,1.0,0.0,daily
beef_wiki_views_mobile,3943,1,3942,1.0,1.0,1.0,0.0,daily
black_monday_1987_wiki_views,3943,1,3942,1.0,1.0,1.0,0.0,daily
black_monday_1987_wiki_views_desktop,3943,1,3942,1.0,1.0,1.0,0.0,daily
black_monday_1987_wiki_views_mobile,3943,1,3942,1.0,1.0,1.0,0.0,daily
bond_market_wiki_views,3943,1,3942,1.0,1.0,1.0,0.0,daily
bond_market_wiki_views_desktop,3943,1,3942,1.0,1.0,1.0,0.0,daily
bond_market_wiki_views_mobile,3943,1,3942,1.0,1.0,1.0,0.0,daily
bop_capital_account_balance_revenue_minus_expenditure_sa,104,1,103,92.0,92.0,92.0,0.008325488781475737,quarterly_or_slower
bop_capital_account_expenditure_sa,104,1,103,92.0,92.0,92.0,0.008325488781475737,quarterly_or_slower
bop_capital_account_revenue_sa,104,1,103,92.0,92.0,92.0,0.008325488781475737,quarterly_or_slower
bop_current_account_balance_revenue_minus_expenditure_sa,104,1,103,92.0,92.0,92.0,0.008325488781475737,quarterly_or_slower
bop_current_account_expenditure_sa,104,1,103,92.0,92.0,92.0,0.008325488781475737,quarterly_or_slower
bop_current_account_revenue_sa,104,1,103,92.0,92.0,92.0,0.008325488781475737,quarterly_or_slower
bop_direct_investment_assets_or_net_acquisition_of_assets_sa,103,1,102,92.0,92.0,92.0,0.008359021811184307,quarterly_or_slower
bop_direct_investment_liabilities_or_net_incurrence_of_liabilities_sa,103,1,102,92.0,92.0,92.0,0.008359021811184307,quarterly_or_slower
bop_direct_investment_net_assets_minus_liabilities_sa,103,1,102,92.0,92.0,92.0,0.008359021811184307,quarterly_or_slower
bop_financial_account_assets_or_net_acquisition_of_assets_sa,103,1,102,92.0,92.0,92.0,0.008359021811184307,quarterly_or_slower
bop_financial_account_liabilities_or_net_incurrence_of_liabilities_sa,103,1,102,92.0,92.0,92.0,0.008359021811184307,quarterly_or_slower
bop_financial_account_net_assets_minus_liabilities_sa,103,1,102,92.0,92.0,92.0,0.008359021811184307,quarterly_or_slower
bop_financial_derivatives_net_assets_minus_liabilities_sa,103,1,102,92.0,92.0,92.0,0.008359021811184307,quarterly_or_slower
bop_goods_acquired_under_merchanting_balance_revenue_minus_expenditure_sa,104,1,103,92.0,92.0,92.0,0.008325488781475737,quarterly_or_slower
bop_goods_acquired_under_merchanting_revenue_sa,104,1,103,92.0,92.0,92.0,0.008325488781475737,quarterly_or_slower
bop_goods_balance_revenue_minus_expenditure_sa,104,1,103,92.0,92.0,92.0,0.008325488781475737,quarterly_or_slower
bop_goods_expenditure_sa,104,1,103,92.0,92.0,92.0,0.008325488781475737,quarterly_or_slower
bop_goods_revenue_sa,104,1,103,92.0,92.0,92.0,0.008325488781475737,quarterly_or_slower
bop_goods_sold_under_merchanting_balance_revenue_minus_expenditure_sa,104,1,103,92.0,92.0,92.0,0.008325488781475737,quarterly_or_slower
bop_goods_sold_under_merchanting_revenue_sa,104,1,103,92.0,92.0,92.0,0.008325488781475737,quarterly_or_slower
bop_net_errors_and_omissions_net_assets_minus_liabilities_sa,103,1,102,92.0,92.0,92.0,0.008359021811184307,quarterly_or_slower
bop_net_exports_of_goods_under_merchanting_balance_revenue_minus_expenditure_sa,104,1,103,92.0,92.0,92.0,0.008325488781475737,quarterly_or_slower
bop_net_exports_of_goods_under_merchanting_revenue_sa,104,1,103,92.0,92.0,92.0,0.008325488781475737,quarterly_or_slower
bop_other_investment_assets_or_net_acquisition_of_assets_sa,103,1,102,92.0,92.0,92.0,0.008359021811184307,quarterly_or_slower
bop_other_investment_liabilities_or_net_incurrence_of_liabilities_sa,103,1,102,92.0,92.0,92.0,0.008359021811184307,quarterly_or_slower
bop_other_investment_net_assets_minus_liabilities_sa,103,1,102,92.0,92.0,92.0,0.008359021811184307,quarterly_or_slower
bop_portfolio_investment_assets_or_net_acquisition_of_assets_sa,103,1,102,92.0,92.0,92.0,0.008359021811184307,quarterly_or_slower
bop_portfolio_investment_liabilities_or_net_incurrence_of_liabilities_sa,103,1,102,92.0,92.0,92.0,0.008359021811184307,quarterly_or_slower
bop_portfolio_investment_net_assets_minus_liabilities_sa,103,1,102,92.0,92.0,92.0,0.008359021811184307,quarterly_or_slower
bop_primary_income_balance_revenue_minus_expenditure_sa,104,1,103,92.0,92.0,92.0,0.008325488781475737,quarterly_or_slower
bop_primary_income_expenditure_sa,104,1,103,92.0,92.0,92.0,0.008325488781475737,quarterly_or_slower
bop_primary_income_revenue_sa,104,1,103,92.0,92.0,92.0,0.008325488781475737,quarterly_or_slower
bop_reserve_assets_assets_or_net_acquisition_of_assets_sa,103,1,102,92.0,92.0,92.0,0.008359021811184307,quarterly_or_slower
bop_secondary_income_balance_revenue_minus_expenditure_sa,104,1,103,92.0,92.0,92.0,0.008325488781475737,quarterly_or_slower
bop_secondary_income_expenditure_sa,104,1,103,92.0,92.0,92.0,0.008325488781475737,quarterly_or_slower
bop_secondary_income_revenue_sa,104,1,103,92.0,92.0,92.0,0.008325488781475737,quarterly_or_slower
bop_services_balance_revenue_minus_expenditure_sa,104,1,103,92.0,92.0,92.0,0.008325488781475737,quarterly_or_slower
bop_services_expenditure_sa,104,1,103,92.0,92.0,92.0,0.008325488781475737,quarterly_or_slower
bop_services_revenue_sa,104,1,103,92.0,92.0,92.0,0.008325488781475737,quarterly_or_slower
brexit_wiki_views,3943,1,3942,1.0,1.0,1.0,0.0,daily
brexit_wiki_views_desktop,3943,1,3942,1.0,1.0,1.0,0.0,daily
brexit_wiki_views_mobile,3943,1,3942,1.0,1.0,1.0,0.0,daily
china%e2%80%93_united_states_trade_war_wiki_views,2632,1,2631,1.0,1.0,1.0,0.0,daily
china%e2%80%93_united_states_trade_war_wiki_views_desktop,2632,1,2631,1.0,1.0,1.0,0.0,daily
china%e2%80%93_united_states_trade_war_wiki_views_mobile,2632,1,2631,1.0,1.0,1.0,0.0,daily
christchurch_wiki_views,3943,1,3942,1.0,1.0,1.0,0.0,daily
christchurch_wiki_views_desktop,3943,1,3942,1.0,1.0,1.0,0.0,daily
christchurch_wiki_views_mobile,3943,1,3942,1.0,1.0,1.0,0.0,daily
close,16546,140,590136,1.0,3.0,29.0,0.9255267568153958,daily
cloud_computing_wiki_views,3943,1,3942,1.0,1.0,1.0,0.0,daily
cloud_computing_wiki_views_desktop,3943,1,3942,1.0,1.0,1.0,0.0,daily
cloud_computing_wiki_views_mobile,3943,1,3942,1.0,1.0,1.0,0.0,daily
copper_wiki_views,3943,1,3942,1.0,1.0,1.0,0.0,daily
copper_wiki_views_desktop,3943,1,3942,1.0,1.0,1.0,0.0,daily
copper_wiki_views_mobile,3943,1,3942,1.0,1.0,1.0,0.0,daily
credit_crunch_wiki_views,3943,1,3942,1.0,1.0,1.0,0.0,daily
credit_crunch_wiki_views_desktop,3943,1,3942,1.0,1.0,1.0,0.0,daily
credit_crunch_wiki_views_mobile,3943,1,3942,1.0,1.0,1.0,0.0,daily
crude_oil_wiki_views,3943,1,3942,1.0,1.0,1.0,0.0,daily
crude_oil_wiki_views_desktop,3943,1,3942,1.0,1.0,1.0,0.0,daily
crude_oil_wiki_views_mobile,3943,1,3942,1.0,1.0,1.0,0.0,daily
dairy_farming_in_new_zealand_wiki_views,3943,1,3942,1.0,1.0,1.0,0.0,daily
dairy_farming_in_new_zealand_wiki_views_desktop,3943,1,3942,1.0,1.0,1.0,0.0,daily
dairy_farming_in_new_zealand_wiki_views_mobile,3943,1,3942,1.0,1.0,1.0,0.0,daily
dairy_wiki_views,3943,1,3942,1.0,1.0,1.0,0.0,daily
dairy_wiki_views_desktop,3943,1,3942,1.0,1.0,1.0,0.0,daily
dairy_wiki_views_mobile,3943,1,3942,1.0,1.0,1.0,0.0,daily
default_finance_wiki_views,3943,1,3942,1.0,1.0,1.0,0.0,daily
default_finance_wiki_views_desktop,3943,1,3942,1.0,1.0,1.0,0.0,daily
default_finance_wiki_views_mobile,3943,1,3942,1.0,1.0,1.0,0.0,daily
deflation_wiki_views,3943,1,3942,1.0,1.0,1.0,0.0,daily
deflation_wiki_views_desktop,3943,1,3942,1.0,1.0,1.0,0.0,daily
deflation_wiki_views_mobile,3943,1,3942,1.0,1.0,1.0,0.0,daily
dividend,1561,115,3160,175.0,204.0,4139.0,0.8606341801722016,quarterly_or_slower
economic_bubble_wiki_views,3943,1,3942,1.0,1.0,1.0,0.0,daily
economic_bubble_wiki_views_desktop,3943,1,3942,1.0,1.0,1.0,0.0,daily
economic_bubble_wiki_views_mobile,3943,1,3942,1.0,1.0,1.0,0.0,daily
economy_of_new_zealand_wiki_views,3943,1,3942,1.0,1.0,1.0,0.0,daily
economy_of_new_zealand_wiki_views_desktop,3943,1,3942,1.0,1.0,1.0,0.0,daily
economy_of_new_zealand_wiki_views_mobile,3943,1,3942,1.0,1.0,1.0,0.0,daily
european_central_bank_wiki_views,3943,1,3942,1.0,1.0,1.0,0.0,daily
european_central_bank_wiki_views_desktop,3943,1,3942,1.0,1.0,1.0,0.0,daily
european_central_bank_wiki_views_mobile,3943,1,3942,1.0,1.0,1.0,0.0,daily
federal_reserve_wiki_views,3943,1,3942,1.0,1.0,1.0,0.0,daily
federal_reserve_wiki_views_desktop,3943,1,3942,1.0,1.0,1.0,0.0,daily
federal_reserve_wiki_views_mobile,3943,1,3942,1.0,1.0,1.0,0.0,daily
financial_crisis_wiki_views,3943,1,3942,1.0,1.0,1.0,0.0,daily
financial_crisis_wiki_views_desktop,3943,1,3942,1.0,1.0,1.0,0.0,daily
financial_crisis_wiki_views_mobile,3943,1,3942,1.0,1.0,1.0,0.0,daily
fiscal_policy_wiki_views,3943,1,3942,1.0,1.0,1.0,0.0,daily
fiscal_policy_wiki_views_desktop,3943,1,3942,1.0,1.0,1.0,0.0,daily
fiscal_policy_wiki_views_mobile,3943,1,3942,1.0,1.0,1.0,0.0,daily
fonterra_wiki_views,3943,1,3942,1.0,1.0,1.0,0.0,daily
fonterra_wiki_views_desktop,3943,1,3942,1.0,1.0,1.0,0.0,daily
fonterra_wiki_views_mobile,3943,1,3942,1.0,1.0,1.0,0.0,daily
forestry_in_new_zealand_wiki_views,3943,1,3942,1.0,1.0,1.0,0.0,daily
forestry_in_new_zealand_wiki_views_desktop,3943,1,3942,1.0,1.0,1.0,0.0,daily
forestry_in_new_zealand_wiki_views_mobile,3943,1,3942,1.0,1.0,1.0,0.0,daily
free_trade_agreement_wiki_views,3943,1,3942,1.0,1.0,1.0,0.0,daily
free_trade_agreement_wiki_views_desktop,3943,1,3942,1.0,1.0,1.0,0.0,daily
free_trade_agreement_wiki_views_mobile,3943,1,3942,1.0,1.0,1.0,0.0,daily
gold_wiki_views,3943,1,3942,1.0,1.0,1.0,0.0,daily
gold_wiki_views_desktop,3943,1,3942,1.0,1.0,1.0,0.0,daily
gold_wiki_views_mobile,3943,1,3942,1.0,1.0,1.0,0.0,daily
government_debt_wiki_views,3943,1,3942,1.0,1.0,1.0,0.0,daily
government_debt_wiki_views_desktop,3943,1,3942,1.0,1.0,1.0,0.0,daily
government_debt_wiki_views_mobile,3943,1,3942,1.0,1.0,1.0,0.0,daily
great_depression_wiki_views,3943,1,3942,1.0,1.0,1.0,0.0,daily
great_depression_wiki_views_desktop,3943,1,3942,1.0,1.0,1.0,0.0,daily
great_depression_wiki_views_mobile,3943,1,3942,1.0,1.0,1.0,0.0,daily
high,16546,140,590136,1.0,3.0,29.0,0.9255267568153958,daily
house_price_index_wiki_views,3943,1,3942,1.0,1.0,1.0,0.0,daily
house_price_index_wiki_views_desktop,3943,1,3942,1.0,1.0,1.0,0.0,daily
house_price_index_wiki_views_mobile,3943,1,3942,1.0,1.0,1.0,0.0,daily
housing_market_wiki_views,3941,1,3940,1.0,1.0,2.0,0.022524576378003855,daily
housing_market_wiki_views_desktop,3941,1,3940,1.0,1.0,2.0,0.022524576378003855,daily
housing_market_wiki_views_mobile,3941,1,3940,1.0,1.0,2.0,0.022524576378003855,daily
immediate_interest_rates_call_money_interbank_rate,494,1,493,31.0,31.0,62.0,0.05292844554643985,monthly_or_slower
immigration_to_new_zealand_wiki_views,3943,1,3942,1.0,1.0,1.0,0.0,daily
immigration_to_new_zealand_wiki_views_desktop,3943,1,3942,1.0,1.0,1.0,0.0,daily
immigration_to_new_zealand_wiki_views_mobile,3943,1,3942,1.0,1.0,1.0,0.0,daily
inflation_wiki_views,3943,1,3942,1.0,1.0,1.0,0.0,daily
inflation_wiki_views_desktop,3943,1,3942,1.0,1.0,1.0,0.0,daily
inflation_wiki_views_mobile,3943,1,3942,1.0,1.0,1.0,0.0,daily
interest_rate_wiki_views,3943,1,3942,1.0,1.0,1.0,0.0,daily
interest_rate_wiki_views_desktop,3943,1,3942,1.0,1.0,1.0,0.0,daily
interest_rate_wiki_views_mobile,3943,1,3942,1.0,1.0,1.0,0.0,daily
inverted_yield_curve_wiki_views,3941,1,3940,1.0,1.0,2.0,0.02252457637800385,daily
inverted_yield_curve_wiki_views_desktop,3941,1,3940,1.0,1.0,2.0,0.02252457637800385,daily
inverted_yield_curve_wiki_views_mobile,3941,1,3940,1.0,1.0,2.0,0.02252457637800385,daily
iron_ore_wiki_views,3943,1,3942,1.0,1.0,1.0,0.0,daily
iron_ore_wiki_views_desktop,3943,1,3942,1.0,1.0,1.0,0.0,daily
iron_ore_wiki_views_mobile,3943,1,3942,1.0,1.0,1.0,0.0,daily
kiwifruit_wiki_views,3943,1,3942,1.0,1.0,1.0,0.0,daily
kiwifruit_wiki_views_desktop,3943,1,3942,1.0,1.0,1.0,0.0,daily
kiwifruit_wiki_views_mobile,3943,1,3942,1.0,1.0,1.0,0.0,daily
lamb_and_mutton_wiki_views,3943,1,3942,1.0,1.0,1.0,0.0,daily
lamb_and_mutton_wiki_views_desktop,3943,1,3942,1.0,1.0,1.0,0.0,daily
lamb_and_mutton_wiki_views_mobile,3943,1,3942,1.0,1.0,1.0,0.0,daily
layoff_wiki_views,3943,1,3942,1.0,1.0,1.0,0.0,daily
layoff_wiki_views_desktop,3943,1,3942,1.0,1.0,1.0,0.0,daily
layoff_wiki_views_mobile,3943,1,3942,1.0,1.0,1.0,0.0,daily
lithium_wiki_views,3943,1,3942,1.0,1.0,1.0,0.0,daily
lithium_wiki_views_desktop,3943,1,3942,1.0,1.0,1.0,0.0,daily
lithium_wiki_views_mobile,3943,1,3942,1.0,1.0,1.0,0.0,daily
long_term_interest_rates,674,1,673,31.0,31.0,61.0,0.04625892703921726,monthly_or_slower
low,16546,140,590136,1.0,3.0,29.0,0.9255267568153958,daily
machine_learning_wiki_views,3943,1,3942,1.0,1.0,1.0,0.0,daily
machine_learning_wiki_views_desktop,3943,1,3942,1.0,1.0,1.0,0.0,daily
machine_learning_wiki_views_mobile,3943,1,3942,1.0,1.0,1.0,0.0,daily
market_correction_wiki_views,3943,1,3942,1.0,1.0,1.0,0.0,daily
market_correction_wiki_views_desktop,3943,1,3942,1.0,1.0,1.0,0.0,daily
market_correction_wiki_views_mobile,3943,1,3942,1.0,1.0,1.0,0.0,daily
milk_wiki_views,3943,1,3942,1.0,1.0,1.0,0.0,daily
milk_wiki_views_desktop,3943,1,3942,1.0,1.0,1.0,0.0,daily
milk_wiki_views_mobile,3943,1,3942,1.0,1.0,1.0,0.0,daily
monetary_policy_wiki_views,3943,1,3942,1.0,1.0,1.0,0.0,daily
monetary_policy_wiki_views_desktop,3943,1,3942,1.0,1.0,1.0,0.0,daily
monetary_policy_wiki_views_mobile,3943,1,3942,1.0,1.0,1.0,0.0,daily
mortgage_loan_wiki_views,3943,1,3942,1.0,1.0,1.0,0.0,daily
mortgage_loan_wiki_views_desktop,3943,1,3942,1.0,1.0,1.0,0.0,daily
mortgage_loan_wiki_views_mobile,3943,1,3942,1.0,1.0,1.0,0.0,daily
national_debt_of_the_united_states_wiki_views,3943,1,3942,1.0,1.0,1.0,0.0,daily
national_debt_of_the_united_states_wiki_views_desktop,3943,1,3942,1.0,1.0,1.0,0.0,daily
national_debt_of_the_united_states_wiki_views_mobile,3943,1,3942,1.0,1.0,1.0,0.0,daily
natural_gas_wiki_views,3943,1,3942,1.0,1.0,1.0,0.0,daily
natural_gas_wiki_views_desktop,3943,1,3942,1.0,1.0,1.0,0.0,daily
natural_gas_wiki_views_mobile,3943,1,3942,1.0,1.0,1.0,0.0,daily
new_registrations_goods_road_motor_vehicles,221,1,220,31.0,31.0,91.0,0.1339263631922611,monthly_or_slower
new_registrations_passenger_cars,61,1,60,31.0,31.0,31.0,0.02657893998775973,monthly_or_slower
new_zealand_dollar_wiki_views,3943,1,3942,1.0,1.0,1.0,0.0,daily
new_zealand_dollar_wiki_views_desktop,3943,1,3942,1.0,1.0,1.0,0.0,daily
new_zealand_dollar_wiki_views_mobile,3943,1,3942,1.0,1.0,1.0,0.0,daily
new_zealand_stock_exchange_wiki_views,3798,1,3797,1.0,1.0,4.0,0.21000942686565674,daily
new_zealand_stock_exchange_wiki_views_desktop,3798,1,3797,1.0,1.0,4.0,0.21000942686565674,daily
new_zealand_stock_exchange_wiki_views_mobile,3798,1,3797,1.0,1.0,4.0,0.21000942686565674,daily
nz_labor_employment_age15_plus_female,28,1,27,365.0,366.0,366.0,0.0012006250194012413,quarterly_or_slower
nz_labor_employment_age15_plus_male,28,1,27,365.0,366.0,366.0,0.0012006250194012413,quarterly_or_slower
nz_labor_employment_age15_plus_total,28,1,27,365.0,366.0,366.0,0.0012006250194012413,quarterly_or_slower
nz_labor_employment_age15to24_male,17,1,16,365.0,366.0,366.0,0.001186336169567724,quarterly_or_slower
nz_labor_employment_age15to64_female,26,1,25,365.0,366.0,366.0,0.001230133935377734,quarterly_or_slower
nz_labor_employment_age15to64_male,26,1,25,365.0,366.0,366.0,0.001230133935377734,quarterly_or_slower
nz_labor_employment_age15to64_total,26,1,25,365.0,366.0,366.0,0.001230133935377734,quarterly_or_slower
nz_labor_employment_pop_ratio_age15_plus_female,28,1,27,365.0,366.0,366.0,0.0012006250194012413,quarterly_or_slower
nz_labor_employment_pop_ratio_age15_plus_male,28,1,27,365.0,366.0,366.0,0.0012006250194012413,quarterly_or_slower
nz_labor_employment_pop_ratio_age15_plus_total,28,1,27,365.0,366.0,366.0,0.0012006250194012413,quarterly_or_slower
nz_labor_employment_pop_ratio_age15to64_female,26,1,25,365.0,366.0,366.0,0.001230133935377734,quarterly_or_slower
nz_labor_employment_pop_ratio_age15to64_male,26,1,25,365.0,366.0,366.0,0.001230133935377734,quarterly_or_slower
nz_labor_employment_pop_ratio_age15to64_total,26,1,25,365.0,366.0,366.0,0.001230133935377734,quarterly_or_slower
nz_labor_employment_pop_ratio_gap_age15_plus_male,28,1,27,365.0,366.0,366.0,0.0012006250194012413,quarterly_or_slower
nz_labor_employment_pop_ratio_gap_age15to64_male,26,1,25,365.0,366.0,366.0,0.001230133935377734,quarterly_or_slower
nz_labor_labor_force_age15_plus_female,28,1,27,365.0,366.0,366.0,0.0012006250194012413,quarterly_or_slower
nz_labor_labor_force_age15_plus_male,28,1,27,365.0,366.0,366.0,0.0012006250194012413,quarterly_or_slower
nz_labor_labor_force_age15_plus_total,28,1,27,365.0,366.0,366.0,0.0012006250194012413,quarterly_or_slower
nz_labor_labor_force_age15to24_male,28,1,27,365.0,366.0,366.0,0.0012006250194012413,quarterly_or_slower
nz_labor_labor_force_age15to64_female,26,1,25,365.0,366.0,366.0,0.001230133935377734,quarterly_or_slower
nz_labor_labor_force_age15to64_male,26,1,25,365.0,366.0,366.0,0.001230133935377734,quarterly_or_slower
nz_labor_labor_force_age15to64_total,26,1,25,365.0,366.0,366.0,0.001230133935377734,quarterly_or_slower
nz_labor_lfparticipation_gap_age15_plus_male,28,1,27,365.0,366.0,366.0,0.0012006250194012413,quarterly_or_slower
nz_labor_lfparticipation_gap_age15to64_male,26,1,25,365.0,366.0,366.0,0.001230133935377734,quarterly_or_slower
nz_labor_lfparticipation_rate_age15_plus_female,28,1,27,365.0,366.0,366.0,0.0012006250194012413,quarterly_or_slower
nz_labor_lfparticipation_rate_age15_plus_male,28,1,27,365.0,366.0,366.0,0.0012006250194012413,quarterly_or_slower
nz_labor_lfparticipation_rate_age15_plus_total,28,1,27,365.0,366.0,366.0,0.0012006250194012413,quarterly_or_slower
nz_labor_lfparticipation_rate_age15to64_female,26,1,25,365.0,366.0,366.0,0.001230133935377734,quarterly_or_slower
nz_labor_lfparticipation_rate_age15to64_male,26,1,25,365.0,366.0,366.0,0.001230133935377734,quarterly_or_slower
nz_labor_lfparticipation_rate_age15to64_total,26,1,25,365.0,366.0,366.0,0.001230133935377734,quarterly_or_slower
nz_labor_population_age15_plus_female,29,1,28,365.0,366.0,366.0,0.001186336169567724,quarterly_or_slower
nz_labor_population_age15_plus_male,29,1,28,365.0,366.0,366.0,0.001186336169567724,quarterly_or_slower
nz_labor_population_age15_plus_total,29,1,28,365.0,366.0,366.0,0.001186336169567724,quarterly_or_slower
nz_labor_population_age15to24_female,30,1,29,365.0,366.0,366.0,0.0012245140667752218,quarterly_or_slower
nz_labor_population_age15to24_male,30,1,29,365.0,366.0,366.0,0.0012245140667752218,quarterly_or_slower
nz_labor_population_age15to24_total,30,1,29,365.0,366.0,366.0,0.0012245140667752218,quarterly_or_slower
nz_labor_population_age15to64_female,29,1,28,365.0,366.0,366.0,0.001186336169567724,quarterly_or_slower
nz_labor_population_age15to64_male,29,1,28,365.0,366.0,366.0,0.001186336169567724,quarterly_or_slower
nz_labor_population_age15to64_total,29,1,28,365.0,366.0,366.0,0.001186336169567724,quarterly_or_slower
nz_labor_tax_average_income_tax_rate_percentage_of_gross_wage_earnings_single_person_2_children_67%_of_average_wage,25,1,24,365.0,366.0,366.0,0.001186336169567724,quarterly_or_slower
nz_labor_tax_average_income_tax_rate_percentage_of_gross_wage_earnings_single_person_no_children_100%_of_average_wage,25,1,24,365.0,366.0,366.0,0.001186336169567724,quarterly_or_slower
nz_labor_tax_average_income_tax_rate_percentage_of_gross_wage_earnings_single_person_no_children_167%_of_average_wage,25,1,24,365.0,366.0,366.0,0.001186336169567724,quarterly_or_slower
nz_labor_tax_average_income_tax_rate_percentage_of_gross_wage_earnings_single_person_no_children_67%_of_average_wage,25,1,24,365.0,366.0,366.0,0.001186336169567724,quarterly_or_slower
nz_labor_tax_average_rate_of_employees'_social_security_contributions_percentage_of_gross_wage_earnings_single_person_2_children_67%_of_average_wage,25,1,24,365.0,366.0,366.0,0.001186336169567724,quarterly_or_slower
nz_labor_tax_average_rate_of_employees'_social_security_contributions_percentage_of_gross_wage_earnings_single_person_no_children_100%_of_average_wage,25,1,24,365.0,366.0,366.0,0.001186336169567724,quarterly_or_slower
nz_labor_tax_average_rate_of_employees'_social_security_contributions_percentage_of_gross_wage_earnings_single_person_no_children_167%_of_average_wage,25,1,24,365.0,366.0,366.0,0.001186336169567724,quarterly_or_slower
nz_labor_tax_average_rate_of_employees'_social_security_contributions_percentage_of_gross_wage_earnings_single_person_no_children_67%_of_average_wage,25,1,24,365.0,366.0,366.0,0.001186336169567724,quarterly_or_slower
nz_labor_tax_average_rate_of_employer's_social_security_contributions_percentage_of_gross_wage_earnings_single_person_2_children_67%_of_average_wage,25,1,24,365.0,366.0,366.0,0.001186336169567724,quarterly_or_slower
nz_labor_tax_average_rate_of_employer's_social_security_contributions_percentage_of_gross_wage_earnings_single_person_no_children_100%_of_average_wage,25,1,24,365.0,366.0,366.0,0.001186336169567724,quarterly_or_slower
nz_labor_tax_average_rate_of_employer's_social_security_contributions_percentage_of_gross_wage_earnings_single_person_no_children_167%_of_average_wage,25,1,24,365.0,366.0,366.0,0.001186336169567724,quarterly_or_slower
nz_labor_tax_average_rate_of_employer's_social_security_contributions_percentage_of_gross_wage_earnings_single_person_no_children_67%_of_average_wage,25,1,24,365.0,366.0,366.0,0.001186336169567724,quarterly_or_slower
nz_labor_tax_average_tax_wedge_percentage_of_labour_costs_single_person_2_children_67%_of_average_wage,25,1,24,365.0,366.0,366.0,0.001186336169567724,quarterly_or_slower
nz_labor_tax_average_tax_wedge_percentage_of_labour_costs_single_person_no_children_100%_of_average_wage,25,1,24,365.0,366.0,366.0,0.001186336169567724,quarterly_or_slower
nz_labor_tax_average_tax_wedge_percentage_of_labour_costs_single_person_no_children_167%_of_average_wage,25,1,24,365.0,366.0,366.0,0.001186336169567724,quarterly_or_slower
nz_labor_tax_average_tax_wedge_percentage_of_labour_costs_single_person_no_children_67%_of_average_wage,25,1,24,365.0,366.0,366.0,0.001186336169567724,quarterly_or_slower
nz_labor_tax_basic_tax_credit_national_currency_single_person_2_children_67%_of_average_wage,25,1,24,365.0,366.0,366.0,0.001186336169567724,quarterly_or_slower
nz_labor_tax_basic_tax_credit_national_currency_single_person_no_children_100%_of_average_wage,25,1,24,365.0,366.0,366.0,0.001186336169567724,quarterly_or_slower
nz_labor_tax_basic_tax_credit_national_currency_single_person_no_children_167%_of_average_wage,25,1,24,365.0,366.0,366.0,0.001186336169567724,quarterly_or_slower
nz_labor_tax_basic_tax_credit_national_currency_single_person_no_children_67%_of_average_wage,25,1,24,365.0,366.0,366.0,0.001186336169567724,quarterly_or_slower
nz_labor_tax_cash_transfers_for_two_children_national_currency_single_person_2_children_67%_of_average_wage,25,1,24,365.0,366.0,366.0,0.001186336169567724,quarterly_or_slower
nz_labor_tax_cash_transfers_for_two_children_national_currency_single_person_no_children_100%_of_average_wage,25,1,24,365.0,366.0,366.0,0.001186336169567724,quarterly_or_slower
nz_labor_tax_cash_transfers_for_two_children_national_currency_single_person_no_children_167%_of_average_wage,25,1,24,365.0,366.0,366.0,0.001186336169567724,quarterly_or_slower
nz_labor_tax_cash_transfers_for_two_children_national_currency_single_person_no_children_67%_of_average_wage,25,1,24,365.0,366.0,366.0,0.001186336169567724,quarterly_or_slower
nz_labor_tax_cash_transfers_from_general_government_national_currency_single_person_2_children_67%_of_average_wage,25,1,24,365.0,366.0,366.0,0.001186336169567724,quarterly_or_slower
nz_labor_tax_cash_transfers_from_general_government_national_currency_single_person_no_children_100%_of_average_wage,25,1,24,365.0,366.0,366.0,0.001186336169567724,quarterly_or_slower
nz_labor_tax_cash_transfers_from_general_government_national_currency_single_person_no_children_167%_of_average_wage,25,1,24,365.0,366.0,366.0,0.001186336169567724,quarterly_or_slower
nz_labor_tax_cash_transfers_from_general_government_national_currency_single_person_no_children_67%_of_average_wage,25,1,24,365.0,366.0,366.0,0.001186336169567724,quarterly_or_slower
nz_labor_tax_cash_transfers_percentage_of_labour_costs_single_person_2_children_67%_of_average_wage,25,1,24,365.0,366.0,366.0,0.001186336169567724,quarterly_or_slower
nz_labor_tax_cash_transfers_percentage_of_labour_costs_single_person_no_children_100%_of_average_wage,25,1,24,365.0,366.0,366.0,0.001186336169567724,quarterly_or_slower
nz_labor_tax_cash_transfers_percentage_of_labour_costs_single_person_no_children_167%_of_average_wage,25,1,24,365.0,366.0,366.0,0.001186336169567724,quarterly_or_slower
nz_labor_tax_cash_transfers_percentage_of_labour_costs_single_person_no_children_67%_of_average_wage,25,1,24,365.0,366.0,366.0,0.001186336169567724,quarterly_or_slower
nz_labor_tax_central_government_income_tax_finally_paid_national_currency_single_person_2_children_67%_of_average_wage,25,1,24,365.0,366.0,366.0,0.001186336169567724,quarterly_or_slower
nz_labor_tax_central_government_income_tax_finally_paid_national_currency_single_person_no_children_100%_of_average_wage,25,1,24,365.0,366.0,366.0,0.001186336169567724,quarterly_or_slower
nz_labor_tax_central_government_income_tax_finally_paid_national_currency_single_person_no_children_167%_of_average_wage,25,1,24,365.0,366.0,366.0,0.001186336169567724,quarterly_or_slower
nz_labor_tax_central_government_income_tax_finally_paid_national_currency_single_person_no_children_67%_of_average_wage,25,1,24,365.0,366.0,366.0,0.001186336169567724,quarterly_or_slower
nz_labor_tax_central_government_income_tax_liability_exclusive_of_tax_credits_national_currency_single_person_2_children_67%_of_average_wage,25,1,24,365.0,366.0,366.0,0.001186336169567724,quarterly_or_slower
nz_labor_tax_central_government_income_tax_liability_exclusive_of_tax_credits_national_currency_single_person_no_children_100%_of_average_wage,25,1,24,365.0,366.0,366.0,0.001186336169567724,quarterly_or_slower
nz_labor_tax_central_government_income_tax_liability_exclusive_of_tax_credits_national_currency_single_person_no_children_167%_of_average_wage,25,1,24,365.0,366.0,366.0,0.001186336169567724,quarterly_or_slower
nz_labor_tax_central_government_income_tax_liability_exclusive_of_tax_credits_national_currency_single_person_no_children_67%_of_average_wage,25,1,24,365.0,366.0,366.0,0.001186336169567724,quarterly_or_slower
nz_labor_tax_central_government_taxable_income_national_currency_single_person_2_children_67%_of_average_wage,25,1,24,365.0,366.0,366.0,0.001186336169567724,quarterly_or_slower
nz_labor_tax_central_government_taxable_income_national_currency_single_person_no_children_100%_of_average_wage,25,1,24,365.0,366.0,366.0,0.001186336169567724,quarterly_or_slower
nz_labor_tax_central_government_taxable_income_national_currency_single_person_no_children_167%_of_average_wage,25,1,24,365.0,366.0,366.0,0.001186336169567724,quarterly_or_slower
nz_labor_tax_central_government_taxable_income_national_currency_single_person_no_children_67%_of_average_wage,25,1,24,365.0,366.0,366.0,0.001186336169567724,quarterly_or_slower
nz_labor_tax_employee_social_security_contributions_percentage_of_labour_costs_single_person_2_children_67%_of_average_wage,25,1,24,365.0,366.0,366.0,0.001186336169567724,quarterly_or_slower
nz_labor_tax_employee_social_security_contributions_percentage_of_labour_costs_single_person_no_children_100%_of_average_wage,25,1,24,365.0,366.0,366.0,0.001186336169567724,quarterly_or_slower
nz_labor_tax_employee_social_security_contributions_percentage_of_labour_costs_single_person_no_children_167%_of_average_wage,25,1,24,365.0,366.0,366.0,0.001186336169567724,quarterly_or_slower
nz_labor_tax_employee_social_security_contributions_percentage_of_labour_costs_single_person_no_children_67%_of_average_wage,25,1,24,365.0,366.0,366.0,0.001186336169567724,quarterly_or_slower
nz_labor_tax_employees'_compulsory_social_security_contributions_national_currency_single_person_2_children_67%_of_average_wage,25,1,24,365.0,366.0,366.0,0.001186336169567724,quarterly_or_slower
nz_labor_tax_employees'_compulsory_social_security_contributions_national_currency_single_person_no_children_100%_of_average_wage,25,1,24,365.0,366.0,366.0,0.001186336169567724,quarterly_or_slower
nz_labor_tax_employees'_compulsory_social_security_contributions_national_currency_single_person_no_children_167%_of_average_wage,25,1,24,365.0,366.0,366.0,0.001186336169567724,quarterly_or_slower
nz_labor_tax_employees'_compulsory_social_security_contributions_national_currency_single_person_no_children_67%_of_average_wage,25,1,24,365.0,366.0,366.0,0.001186336169567724,quarterly_or_slower
nz_labor_tax_employees'_compulsory_social_security_contributions_payable_on_gross_earnings_national_currency_single_person_2_children_67%_of_average_wage,25,1,24,365.0,366.0,366.0,0.001186336169567724,quarterly_or_slower
nz_labor_tax_employees'_compulsory_social_security_contributions_payable_on_gross_earnings_national_currency_single_person_no_children_100%_of_average_wage,25,1,24,365.0,366.0,366.0,0.001186336169567724,quarterly_or_slower
nz_labor_tax_employees'_compulsory_social_security_contributions_payable_on_gross_earnings_national_currency_single_person_no_children_167%_of_average_wage,25,1,24,365.0,366.0,366.0,0.001186336169567724,quarterly_or_slower
nz_labor_tax_employees'_compulsory_social_security_contributions_payable_on_gross_earnings_national_currency_single_person_no_children_67%_of_average_wage,25,1,24,365.0,366.0,366.0,0.001186336169567724,quarterly_or_slower
nz_labor_tax_employer_social_security_contributions_percentage_of_labour_costs_single_person_2_children_67%_of_average_wage,25,1,24,365.0,366.0,366.0,0.001186336169567724,quarterly_or_slower
nz_labor_tax_employer_social_security_contributions_percentage_of_labour_costs_single_person_no_children_100%_of_average_wage,25,1,24,365.0,366.0,366.0,0.001186336169567724,quarterly_or_slower
nz_labor_tax_employer_social_security_contributions_percentage_of_labour_costs_single_person_no_children_167%_of_average_wage,25,1,24,365.0,366.0,366.0,0.001186336169567724,quarterly_or_slower
nz_labor_tax_employer_social_security_contributions_percentage_of_labour_costs_single_person_no_children_67%_of_average_wage,25,1,24,365.0,366.0,366.0,0.001186336169567724,quarterly_or_slower
nz_labor_tax_employers'_compulsory_social_security_contributions_national_currency_single_person_2_children_67%_of_average_wage,25,1,24,365.0,366.0,366.0,0.001186336169567724,quarterly_or_slower
nz_labor_tax_employers'_compulsory_social_security_contributions_national_currency_single_person_no_children_100%_of_average_wage,25,1,24,365.0,366.0,366.0,0.001186336169567724,quarterly_or_slower
nz_labor_tax_employers'_compulsory_social_security_contributions_national_currency_single_person_no_children_167%_of_average_wage,25,1,24,365.0,366.0,366.0,0.001186336169567724,quarterly_or_slower
nz_labor_tax_employers'_compulsory_social_security_contributions_national_currency_single_person_no_children_67%_of_average_wage,25,1,24,365.0,366.0,366.0,0.001186336169567724,quarterly_or_slower
nz_labor_tax_gross_earnings_before_taxes_national_currency_single_person_2_children_67%_of_average_wage,25,1,24,365.0,366.0,366.0,0.001186336169567724,quarterly_or_slower
nz_labor_tax_gross_earnings_before_taxes_national_currency_single_person_no_children_100%_of_average_wage,25,1,24,365.0,366.0,366.0,0.001186336169567724,quarterly_or_slower
nz_labor_tax_gross_earnings_before_taxes_national_currency_single_person_no_children_167%_of_average_wage,25,1,24,365.0,366.0,366.0,0.001186336169567724,quarterly_or_slower
nz_labor_tax_gross_earnings_before_taxes_national_currency_single_person_no_children_67%_of_average_wage,25,1,24,365.0,366.0,366.0,0.001186336169567724,quarterly_or_slower
nz_labor_tax_income_tax_percentage_of_labour_costs_single_person_2_children_67%_of_average_wage,25,1,24,365.0,366.0,366.0,0.001186336169567724,quarterly_or_slower
nz_labor_tax_income_tax_percentage_of_labour_costs_single_person_no_children_100%_of_average_wage,25,1,24,365.0,366.0,366.0,0.001186336169567724,quarterly_or_slower
nz_labor_tax_income_tax_percentage_of_labour_costs_single_person_no_children_167%_of_average_wage,25,1,24,365.0,366.0,366.0,0.001186336169567724,quarterly_or_slower
nz_labor_tax_income_tax_percentage_of_labour_costs_single_person_no_children_67%_of_average_wage,25,1,24,365.0,366.0,366.0,0.001186336169567724,quarterly_or_slower
nz_labor_tax_labour_costs_national_currency_single_person_2_children_67%_of_average_wage,25,1,24,365.0,366.0,366.0,0.001186336169567724,quarterly_or_slower
nz_labor_tax_labour_costs_national_currency_single_person_no_children_100%_of_average_wage,25,1,24,365.0,366.0,366.0,0.001186336169567724,quarterly_or_slower
nz_labor_tax_labour_costs_national_currency_single_person_no_children_167%_of_average_wage,25,1,24,365.0,366.0,366.0,0.001186336169567724,quarterly_or_slower
nz_labor_tax_labour_costs_national_currency_single_person_no_children_67%_of_average_wage,25,1,24,365.0,366.0,366.0,0.001186336169567724,quarterly_or_slower
nz_labor_tax_marginal_tax_wedge_of_the_principal_earner_percentage_of_labour_costs_single_person_2_children_67%_of_average_wage,25,1,24,365.0,366.0,366.0,0.001186336169567724,quarterly_or_slower
nz_labor_tax_marginal_tax_wedge_of_the_principal_earner_percentage_of_labour_costs_single_person_no_children_100%_of_average_wage,25,1,24,365.0,366.0,366.0,0.001186336169567724,quarterly_or_slower
nz_labor_tax_marginal_tax_wedge_of_the_principal_earner_percentage_of_labour_costs_single_person_no_children_167%_of_average_wage,25,1,24,365.0,366.0,366.0,0.001186336169567724,quarterly_or_slower
nz_labor_tax_marginal_tax_wedge_of_the_principal_earner_percentage_of_labour_costs_single_person_no_children_67%_of_average_wage,25,1,24,365.0,366.0,366.0,0.001186336169567724,quarterly_or_slower
nz_labor_tax_net_personal_average_tax_rate_percentage_of_gross_wage_earnings_single_person_2_children_67%_of_average_wage,25,1,24,365.0,366.0,366.0,0.001186336169567724,quarterly_or_slower
nz_labor_tax_net_personal_average_tax_rate_percentage_of_gross_wage_earnings_single_person_no_children_100%_of_average_wage,25,1,24,365.0,366.0,366.0,0.001186336169567724,quarterly_or_slower
nz_labor_tax_net_personal_average_tax_rate_percentage_of_gross_wage_earnings_single_person_no_children_167%_of_average_wage,25,1,24,365.0,366.0,366.0,0.001186336169567724,quarterly_or_slower
nz_labor_tax_net_personal_average_tax_rate_percentage_of_gross_wage_earnings_single_person_no_children_67%_of_average_wage,25,1,24,365.0,366.0,366.0,0.001186336169567724,quarterly_or_slower
nz_labor_tax_net_personal_marginal_tax_rate_of_the_principal_earner_percentage_of_gross_wage_earnings_single_person_2_children_67%_of_average_wage,25,1,24,365.0,366.0,366.0,0.001186336169567724,quarterly_or_slower
nz_labor_tax_net_personal_marginal_tax_rate_of_the_principal_earner_percentage_of_gross_wage_earnings_single_person_no_children_100%_of_average_wage,25,1,24,365.0,366.0,366.0,0.001186336169567724,quarterly_or_slower
nz_labor_tax_net_personal_marginal_tax_rate_of_the_principal_earner_percentage_of_gross_wage_earnings_single_person_no_children_167%_of_average_wage,25,1,24,365.0,366.0,366.0,0.001186336169567724,quarterly_or_slower
nz_labor_tax_net_personal_marginal_tax_rate_of_the_principal_earner_percentage_of_gross_wage_earnings_single_person_no_children_67%_of_average_wage,25,1,24,365.0,366.0,366.0,0.001186336169567724,quarterly_or_slower
nz_labor_tax_standard_tax_allowances_national_currency_single_person_2_children_67%_of_average_wage,25,1,24,365.0,366.0,366.0,0.001186336169567724,quarterly_or_slower
nz_labor_tax_standard_tax_allowances_national_currency_single_person_no_children_100%_of_average_wage,25,1,24,365.0,366.0,366.0,0.001186336169567724,quarterly_or_slower
nz_labor_tax_standard_tax_allowances_national_currency_single_person_no_children_167%_of_average_wage,25,1,24,365.0,366.0,366.0,0.001186336169567724,quarterly_or_slower
nz_labor_tax_standard_tax_allowances_national_currency_single_person_no_children_67%_of_average_wage,25,1,24,365.0,366.0,366.0,0.001186336169567724,quarterly_or_slower
nz_labor_tax_state_and_local_taxes_national_currency_single_person_2_children_67%_of_average_wage,25,1,24,365.0,366.0,366.0,0.001186336169567724,quarterly_or_slower
nz_labor_tax_state_and_local_taxes_national_currency_single_person_no_children_100%_of_average_wage,25,1,24,365.0,366.0,366.0,0.001186336169567724,quarterly_or_slower
nz_labor_tax_state_and_local_taxes_national_currency_single_person_no_children_167%_of_average_wage,25,1,24,365.0,366.0,366.0,0.001186336169567724,quarterly_or_slower
nz_labor_tax_state_and_local_taxes_national_currency_single_person_no_children_67%_of_average_wage,25,1,24,365.0,366.0,366.0,0.001186336169567724,quarterly_or_slower
nz_labor_tax_take_home_pay_national_currency_single_person_2_children_67%_of_average_wage,25,1,24,365.0,366.0,366.0,0.001186336169567724,quarterly_or_slower
nz_labor_tax_take_home_pay_national_currency_single_person_no_children_100%_of_average_wage,25,1,24,365.0,366.0,366.0,0.001186336169567724,quarterly_or_slower
nz_labor_tax_take_home_pay_national_currency_single_person_no_children_167%_of_average_wage,25,1,24,365.0,366.0,366.0,0.001186336169567724,quarterly_or_slower
nz_labor_tax_take_home_pay_national_currency_single_person_no_children_67%_of_average_wage,25,1,24,365.0,366.0,366.0,0.001186336169567724,quarterly_or_slower
nz_labor_tax_tax_credits_national_currency_single_person_2_children_67%_of_average_wage,25,1,24,365.0,366.0,366.0,0.001186336169567724,quarterly_or_slower
nz_labor_tax_tax_credits_national_currency_single_person_no_children_100%_of_average_wage,25,1,24,365.0,366.0,366.0,0.001186336169567724,quarterly_or_slower
nz_labor_tax_tax_credits_national_currency_single_person_no_children_167%_of_average_wage,25,1,24,365.0,366.0,366.0,0.001186336169567724,quarterly_or_slower
nz_labor_tax_tax_credits_national_currency_single_person_no_children_67%_of_average_wage,25,1,24,365.0,366.0,366.0,0.001186336169567724,quarterly_or_slower
nz_labor_tax_tax_credits_or_cash_transfers_included_in_taxable_income_national_currency_single_person_2_children_67%_of_average_wage,25,1,24,365.0,366.0,366.0,0.001186336169567724,quarterly_or_slower
nz_labor_tax_tax_credits_or_cash_transfers_included_in_taxable_income_national_currency_single_person_no_children_100%_of_average_wage,25,1,24,365.0,366.0,366.0,0.001186336169567724,quarterly_or_slower
nz_labor_tax_tax_credits_or_cash_transfers_included_in_taxable_income_national_currency_single_person_no_children_167%_of_average_wage,25,1,24,365.0,366.0,366.0,0.001186336169567724,quarterly_or_slower
nz_labor_tax_tax_credits_or_cash_transfers_included_in_taxable_income_national_currency_single_person_no_children_67%_of_average_wage,25,1,24,365.0,366.0,366.0,0.001186336169567724,quarterly_or_slower
nz_labor_tax_total_payments_to_general_government_national_currency_single_person_2_children_67%_of_average_wage,25,1,24,365.0,366.0,366.0,0.001186336169567724,quarterly_or_slower
nz_labor_tax_total_payments_to_general_government_national_currency_single_person_no_children_100%_of_average_wage,25,1,24,365.0,366.0,366.0,0.001186336169567724,quarterly_or_slower
nz_labor_tax_total_payments_to_general_government_national_currency_single_person_no_children_167%_of_average_wage,25,1,24,365.0,366.0,366.0,0.001186336169567724,quarterly_or_slower
nz_labor_tax_total_payments_to_general_government_national_currency_single_person_no_children_67%_of_average_wage,25,1,24,365.0,366.0,366.0,0.001186336169567724,quarterly_or_slower
nz_labor_unemployment_age15_plus_female,28,1,27,365.0,366.0,366.0,0.0012006250194012413,quarterly_or_slower
nz_labor_unemployment_age15_plus_male,28,1,27,365.0,366.0,366.0,0.0012006250194012413,quarterly_or_slower
nz_labor_unemployment_age15_plus_total,28,1,27,365.0,366.0,366.0,0.0012006250194012413,quarterly_or_slower
nz_labor_unemployment_age15to24_male,28,1,27,365.0,366.0,366.0,0.0012006250194012413,quarterly_or_slower
nz_labor_unemployment_age15to64_female,26,1,25,365.0,366.0,366.0,0.001230133935377734,quarterly_or_slower
nz_labor_unemployment_age15to64_male,26,1,25,365.0,366.0,366.0,0.001230133935377734,quarterly_or_slower
nz_labor_unemployment_age15to64_total,26,1,25,365.0,366.0,366.0,0.001230133935377734,quarterly_or_slower
nz_labor_unemployment_not_worked_age15_plus_male,28,1,27,365.0,366.0,366.0,0.0012006250194012413,quarterly_or_slower
nz_labor_unemployment_rate_age15_plus_female,28,1,27,365.0,366.0,366.0,0.0012006250194012413,quarterly_or_slower
nz_labor_unemployment_rate_age15_plus_male,28,1,27,365.0,366.0,366.0,0.0012006250194012413,quarterly_or_slower
nz_labor_unemployment_rate_age15_plus_total,28,1,27,365.0,366.0,366.0,0.0012006250194012413,quarterly_or_slower
nz_labor_unemployment_rate_age15to64_female,26,1,25,365.0,366.0,366.0,0.001230133935377734,quarterly_or_slower
nz_labor_unemployment_rate_age15to64_male,26,1,25,365.0,366.0,366.0,0.001230133935377734,quarterly_or_slower
nz_labor_unemployment_rate_age15to64_total,26,1,25,365.0,366.0,366.0,0.001230133935377734,quarterly_or_slower
nz_labor_unemployment_rate_not_worked_age15_plus_male,28,1,27,365.0,366.0,366.0,0.0012006250194012413,quarterly_or_slower
nz_labor_youth_unemployment_ratio_age15_plus_male,28,1,27,365.0,366.0,366.0,0.0012006250194012413,quarterly_or_slower
nz_labor_youth_unemployment_ratio_age15to64_male,26,1,25,365.0,366.0,366.0,0.001230133935377734,quarterly_or_slower
nz_pensions_assets_overseas_issued_by_entities_located_abroad_national_currency,11,1,10,365.0,366.0,366.0,0.0010958904109589042,quarterly_or_slower
nz_pensions_assets_overseas_issued_by_entities_located_abroad_percentage_change,10,1,9,365.0,366.0,366.0,0.0011390129031275315,quarterly_or_slower
nz_pensions_assets_overseas_issued_by_entities_located_abroad_percentage_of_assets,11,1,10,365.0,366.0,366.0,0.0010958904109589042,quarterly_or_slower
nz_pensions_assets_overseas_issued_by_entities_located_abroad_us_dollar,11,1,10,365.0,366.0,366.0,0.0010958904109589042,quarterly_or_slower
nz_pensions_bills_and_bonds_issued_by_entities_located_abroad_national_currency,11,1,10,365.0,366.0,366.0,0.0010958904109589042,quarterly_or_slower
nz_pensions_bills_and_bonds_issued_by_entities_located_abroad_percentage_change,9,1,8,365.0,366.0,366.0,0.001186336169567724,quarterly_or_slower
nz_pensions_bills_and_bonds_issued_by_entities_located_abroad_us_dollar,11,1,10,365.0,366.0,366.0,0.0010958904109589042,quarterly_or_slower
nz_pensions_bills_and_bonds_issued_by_public_and_private_sector_national_currency,11,1,10,365.0,366.0,366.0,0.0010958904109589042,quarterly_or_slower
nz_pensions_bills_and_bonds_issued_by_public_and_private_sector_percentage_change,10,1,9,365.0,366.0,366.0,0.0011390129031275315,quarterly_or_slower
nz_pensions_bills_and_bonds_issued_by_public_and_private_sector_percentage_of_assets,11,1,10,365.0,366.0,366.0,0.0010958904109589042,quarterly_or_slower
nz_pensions_bills_and_bonds_issued_by_public_and_private_sector_us_dollar,11,1,10,365.0,366.0,366.0,0.0010958904109589042,quarterly_or_slower
nz_pensions_bonds_issued_by_the_private_sector_national_currency,11,1,10,365.0,366.0,366.0,0.0010958904109589042,quarterly_or_slower
nz_pensions_bonds_issued_by_the_private_sector_percentage_change,10,1,9,365.0,366.0,366.0,0.0011390129031275315,quarterly_or_slower
nz_pensions_bonds_issued_by_the_private_sector_percentage_of_bond_holdings,11,1,10,365.0,366.0,366.0,0.0010958904109589042,quarterly_or_slower
nz_pensions_bonds_issued_by_the_private_sector_us_dollar,11,1,10,365.0,366.0,366.0,0.0010958904109589042,quarterly_or_slower
nz_pensions_cash_and_deposits_in_entities_located_abroad_national_currency,11,1,10,365.0,366.0,366.0,0.0010958904109589042,quarterly_or_slower
nz_pensions_cash_and_deposits_in_entities_located_abroad_percentage_change,10,1,9,365.0,366.0,366.0,0.0011390129031275315,quarterly_or_slower
nz_pensions_cash_and_deposits_in_entities_located_abroad_us_dollar,11,1,10,365.0,366.0,366.0,0.0010958904109589042,quarterly_or_slower
nz_pensions_cash_and_deposits_national_currency,11,1,10,365.0,366.0,366.0,0.0010958904109589042,quarterly_or_slower
nz_pensions_cash_and_deposits_percentage_change,10,1,9,365.0,366.0,366.0,0.0011390129031275315,quarterly_or_slower
nz_pensions_cash_and_deposits_percentage_of_assets,11,1,10,365.0,366.0,366.0,0.0010958904109589042,quarterly_or_slower
nz_pensions_cash_and_deposits_us_dollar,11,1,10,365.0,366.0,366.0,0.0010958904109589042,quarterly_or_slower
nz_pensions_equity_issued_by_entities_located_abroad_national_currency,11,1,10,365.0,366.0,366.0,0.0010958904109589042,quarterly_or_slower
nz_pensions_equity_issued_by_entities_located_abroad_percentage_change,9,1,8,365.0,366.0,366.0,0.001186336169567724,quarterly_or_slower
nz_pensions_equity_issued_by_entities_located_abroad_us_dollar,11,1,10,365.0,366.0,366.0,0.0010958904109589042,quarterly_or_slower
nz_pensions_equity_national_currency,11,1,10,365.0,366.0,366.0,0.0010958904109589042,quarterly_or_slower
nz_pensions_equity_percentage_change,10,1,9,365.0,366.0,366.0,0.0011390129031275315,quarterly_or_slower
nz_pensions_equity_percentage_of_assets,11,1,10,365.0,366.0,366.0,0.0010958904109589042,quarterly_or_slower
nz_pensions_equity_us_dollar,11,1,10,365.0,366.0,366.0,0.0010958904109589042,quarterly_or_slower
nz_pensions_investment_national_currency,24,1,23,365.0,366.0,366.0,0.0011300575319243761,quarterly_or_slower
nz_pensions_investment_percentage_change,23,1,22,365.0,366.0,366.0,0.0011481375413814308,quarterly_or_slower
nz_pensions_investment_percentage_of_gdp,24,1,23,365.0,366.0,366.0,0.0011300575319243761,quarterly_or_slower
nz_pensions_investment_us_dollar,24,1,23,365.0,366.0,366.0,0.0011300575319243761,quarterly_or_slower
nz_pensions_listed_equity_national_currency,11,1,10,365.0,366.0,366.0,0.0010958904109589042,quarterly_or_slower
nz_pensions_listed_equity_percentage_of_equity_holdings,11,1,10,365.0,366.0,366.0,0.0010958904109589042,quarterly_or_slower
nz_pensions_listed_equity_us_dollar,11,1,10,365.0,366.0,366.0,0.0010958904109589042,quarterly_or_slower
nz_pensions_loans_national_currency,11,1,10,365.0,366.0,366.0,0.0010958904109589042,quarterly_or_slower
nz_pensions_loans_percentage_change,10,1,9,365.0,366.0,366.0,0.0011390129031275315,quarterly_or_slower
nz_pensions_loans_percentage_of_assets,11,1,10,365.0,366.0,366.0,0.0010958904109589042,quarterly_or_slower
nz_pensions_loans_us_dollar,11,1,10,365.0,366.0,366.0,0.0010958904109589042,quarterly_or_slower
nz_pensions_mutual_funds_national_currency,11,1,10,365.0,366.0,366.0,0.0010958904109589042,quarterly_or_slower
nz_pensions_mutual_funds_percentage_change,10,1,9,365.0,366.0,366.0,0.0011390129031275315,quarterly_or_slower
nz_pensions_mutual_funds_percentage_of_assets,11,1,10,365.0,366.0,366.0,0.0010958904109589042,quarterly_or_slower
nz_pensions_mutual_funds_us_dollar,11,1,10,365.0,366.0,366.0,0.0010958904109589042,quarterly_or_slower
nz_pensions_unlisted_equity_national_currency,11,1,10,365.0,366.0,366.0,0.0010958904109589042,quarterly_or_slower
nz_pensions_unlisted_equity_percentage_of_equity_holdings,11,1,10,365.0,366.0,366.0,0.0010958904109589042,quarterly_or_slower
nz_pensions_unlisted_equity_us_dollar,11,1,10,365.0,366.0,366.0,0.0010958904109589042,quarterly_or_slower
nz_road_fatalities_monthly,383,1,382,31.0,31.0,31.0,0.026303695536518356,monthly_or_slower
nz_tax_other_taxes_central_government_national_currency,18,1,17,365.0,366.0,1095.0,0.47042848281311456,quarterly_or_slower
nz_tax_other_taxes_central_government_percentage_of_gdp,18,1,17,365.0,366.0,1095.0,0.47042848281311456,quarterly_or_slower
nz_tax_other_taxes_central_government_percentage_of_revenues_in_the_same_institutional_sector,18,1,17,365.0,366.0,1095.0,0.47042848281311456,quarterly_or_slower
nz_tax_other_taxes_central_government_us_dollar,18,1,17,365.0,366.0,1095.0,0.47042848281311456,quarterly_or_slower
nz_tax_other_taxes_general_government_national_currency,18,1,17,365.0,366.0,1095.0,0.47042848281311456,quarterly_or_slower
nz_tax_other_taxes_general_government_percentage_of_gdp,18,1,17,365.0,366.0,1095.0,0.47042848281311456,quarterly_or_slower
nz_tax_other_taxes_general_government_percentage_of_revenues_in_the_same_institutional_sector,18,1,17,365.0,366.0,1095.0,0.47042848281311456,quarterly_or_slower
nz_tax_other_taxes_general_government_us_dollar,18,1,17,365.0,366.0,1095.0,0.47042848281311456,quarterly_or_slower
nz_tax_taxes_on_goods_and_services_central_government_national_currency,25,1,24,365.0,366.0,366.0,0.001186336169567724,quarterly_or_slower
nz_tax_taxes_on_goods_and_services_central_government_percentage_of_gdp,25,1,24,365.0,366.0,366.0,0.001186336169567724,quarterly_or_slower
nz_tax_taxes_on_goods_and_services_central_government_percentage_of_revenues_in_the_same_institutional_sector,25,1,24,365.0,366.0,366.0,0.001186336169567724,quarterly_or_slower
nz_tax_taxes_on_goods_and_services_central_government_us_dollar,25,1,24,365.0,366.0,366.0,0.001186336169567724,quarterly_or_slower
nz_tax_taxes_on_goods_and_services_general_government_national_currency,25,1,24,365.0,366.0,366.0,0.001186336169567724,quarterly_or_slower
nz_tax_taxes_on_goods_and_services_general_government_percentage_of_gdp,25,1,24,365.0,366.0,366.0,0.001186336169567724,quarterly_or_slower
nz_tax_taxes_on_goods_and_services_general_government_percentage_of_revenues_in_the_same_institutional_sector,25,1,24,365.0,366.0,366.0,0.001186336169567724,quarterly_or_slower
nz_tax_taxes_on_goods_and_services_general_government_us_dollar,25,1,24,365.0,366.0,366.0,0.001186336169567724,quarterly_or_slower
nz_tax_taxes_on_goods_and_services_local_government_national_currency,25,1,24,365.0,366.0,366.0,0.001186336169567724,quarterly_or_slower
nz_tax_taxes_on_goods_and_services_local_government_percentage_of_gdp,25,1,24,365.0,366.0,366.0,0.001186336169567724,quarterly_or_slower
nz_tax_taxes_on_goods_and_services_local_government_percentage_of_revenues_in_the_same_institutional_sector,25,1,24,365.0,366.0,366.0,0.001186336169567724,quarterly_or_slower
nz_tax_taxes_on_goods_and_services_local_government_us_dollar,25,1,24,365.0,366.0,366.0,0.001186336169567724,quarterly_or_slower
nz_tax_taxes_on_income_profits_and_capital_gains_of_individuals_and_corporations_central_government_national_currency,25,1,24,365.0,366.0,366.0,0.001186336169567724,quarterly_or_slower
nz_tax_taxes_on_income_profits_and_capital_gains_of_individuals_and_corporations_central_government_percentage_of_gdp,25,1,24,365.0,366.0,366.0,0.001186336169567724,quarterly_or_slower
nz_tax_taxes_on_income_profits_and_capital_gains_of_individuals_and_corporations_central_government_percentage_of_revenues_in_the_same_institutional_sector,25,1,24,365.0,366.0,366.0,0.001186336169567724,quarterly_or_slower
nz_tax_taxes_on_income_profits_and_capital_gains_of_individuals_and_corporations_central_government_us_dollar,25,1,24,365.0,366.0,366.0,0.001186336169567724,quarterly_or_slower
nz_tax_taxes_on_income_profits_and_capital_gains_of_individuals_and_corporations_general_government_national_currency,25,1,24,365.0,366.0,366.0,0.001186336169567724,quarterly_or_slower
nz_tax_taxes_on_income_profits_and_capital_gains_of_individuals_and_corporations_general_government_percentage_of_gdp,25,1,24,365.0,366.0,366.0,0.001186336169567724,quarterly_or_slower
nz_tax_taxes_on_income_profits_and_capital_gains_of_individuals_and_corporations_general_government_percentage_of_revenues_in_the_same_institutional_sector,25,1,24,365.0,366.0,366.0,0.001186336169567724,quarterly_or_slower
nz_tax_taxes_on_income_profits_and_capital_gains_of_individuals_and_corporations_general_government_us_dollar,25,1,24,365.0,366.0,366.0,0.001186336169567724,quarterly_or_slower
nz_tax_taxes_on_property_central_government_national_currency,25,1,24,365.0,366.0,366.0,0.001186336169567724,quarterly_or_slower
nz_tax_taxes_on_property_central_government_percentage_of_gdp,25,1,24,365.0,366.0,366.0,0.001186336169567724,quarterly_or_slower
nz_tax_taxes_on_property_central_government_percentage_of_revenues_in_the_same_institutional_sector,25,1,24,365.0,366.0,366.0,0.001186336169567724,quarterly_or_slower
nz_tax_taxes_on_property_central_government_us_dollar,25,1,24,365.0,366.0,366.0,0.001186336169567724,quarterly_or_slower
nz_tax_taxes_on_property_general_government_national_currency,25,1,24,365.0,366.0,366.0,0.001186336169567724,quarterly_or_slower
nz_tax_taxes_on_property_general_government_percentage_of_gdp,25,1,24,365.0,366.0,366.0,0.001186336169567724,quarterly_or_slower
nz_tax_taxes_on_property_general_government_percentage_of_revenues_in_the_same_institutional_sector,25,1,24,365.0,366.0,366.0,0.001186336169567724,quarterly_or_slower
nz_tax_taxes_on_property_general_government_us_dollar,25,1,24,365.0,366.0,366.0,0.001186336169567724,quarterly_or_slower
nz_tax_taxes_on_property_local_government_national_currency,25,1,24,365.0,366.0,366.0,0.001186336169567724,quarterly_or_slower
nz_tax_taxes_on_property_local_government_percentage_of_gdp,25,1,24,365.0,366.0,366.0,0.001186336169567724,quarterly_or_slower
nz_tax_taxes_on_property_local_government_percentage_of_revenues_in_the_same_institutional_sector,25,1,24,365.0,366.0,366.0,0.001186336169567724,quarterly_or_slower
nz_tax_taxes_on_property_local_government_us_dollar,25,1,24,365.0,366.0,366.0,0.001186336169567724,quarterly_or_slower
nz_tax_total_tax_revenue_central_government_national_currency,25,1,24,365.0,366.0,366.0,0.001186336169567724,quarterly_or_slower
nz_tax_total_tax_revenue_central_government_percentage_of_gdp,25,1,24,365.0,366.0,366.0,0.001186336169567724,quarterly_or_slower
nz_tax_total_tax_revenue_central_government_percentage_of_revenues_in_the_same_institutional_sector,25,1,24,365.0,366.0,366.0,0.001186336169567724,quarterly_or_slower
nz_tax_total_tax_revenue_central_government_us_dollar,25,1,24,365.0,366.0,366.0,0.001186336169567724,quarterly_or_slower
nz_tax_total_tax_revenue_general_government_national_currency,25,1,24,365.0,366.0,366.0,0.001186336169567724,quarterly_or_slower
nz_tax_total_tax_revenue_general_government_percentage_of_gdp,25,1,24,365.0,366.0,366.0,0.001186336169567724,quarterly_or_slower
nz_tax_total_tax_revenue_general_government_percentage_of_revenues_in_the_same_institutional_sector,25,1,24,365.0,366.0,366.0,0.001186336169567724,quarterly_or_slower
nz_tax_total_tax_revenue_general_government_us_dollar,25,1,24,365.0,366.0,366.0,0.001186336169567724,quarterly_or_slower
nz_tax_total_tax_revenue_local_government_national_currency,25,1,24,365.0,366.0,366.0,0.001186336169567724,quarterly_or_slower
nz_tax_total_tax_revenue_local_government_percentage_of_gdp,25,1,24,365.0,366.0,366.0,0.001186336169567724,quarterly_or_slower
nz_tax_total_tax_revenue_local_government_percentage_of_revenues_in_the_same_institutional_sector,25,1,24,365.0,366.0,366.0,0.001186336169567724,quarterly_or_slower
nz_tax_total_tax_revenue_local_government_us_dollar,25,1,24,365.0,366.0,366.0,0.001186336169567724,quarterly_or_slower
nzl_general_government_final_consumption_expenditure_millions_nzd,104,1,103,91.0,92.0,92.0,0.008391243828970739,quarterly_or_slower
nzl_general_government_gross_fixed_capital_formation_millions_nzd,104,1,103,91.0,92.0,92.0,0.008391243828970739,quarterly_or_slower
nzl_nfish_final_consumption_expenditure_millions_nzd,104,1,103,91.0,92.0,92.0,0.008391243828970739,quarterly_or_slower
oecd_bcicp,775,1,774,31.0,31.0,31.0,0.026198449600755368,monthly_or_slower
oecd_ccicp,454,1,453,31.0,31.0,31.0,0.026396485852203874,monthly_or_slower
oil_price_wiki_views,3942,1,3941,1.0,1.0,2.0,0.015927282239507956,daily
oil_price_wiki_views_desktop,3942,1,3941,1.0,1.0,2.0,0.015927282239507956,daily
oil_price_wiki_views_mobile,3942,1,3941,1.0,1.0,2.0,0.015927282239507956,daily
open,16546,140,590136,1.0,3.0,29.0,0.9255267568153958,daily
panic_selling_wiki_views,3943,1,3942,1.0,1.0,1.0,0.0,daily
panic_selling_wiki_views_desktop,3943,1,3942,1.0,1.0,1.0,0.0,daily
panic_selling_wiki_views_mobile,3943,1,3942,1.0,1.0,1.0,0.0,daily
quantitative_easing_wiki_views,3943,1,3942,1.0,1.0,1.0,0.0,daily
quantitative_easing_wiki_views_desktop,3943,1,3942,1.0,1.0,1.0,0.0,daily
quantitative_easing_wiki_views_mobile,3943,1,3942,1.0,1.0,1.0,0.0,daily
real_estate_wiki_views,3943,1,3942,1.0,1.0,1.0,0.0,daily
real_estate_wiki_views_desktop,3943,1,3942,1.0,1.0,1.0,0.0,daily
real_estate_wiki_views_mobile,3943,1,3942,1.0,1.0,1.0,0.0,daily
recession_wiki_views,3943,1,3942,1.0,1.0,1.0,0.0,daily
recession_wiki_views_desktop,3943,1,3942,1.0,1.0,1.0,0.0,daily
recession_wiki_views_mobile,3943,1,3942,1.0,1.0,1.0,0.0,daily
reserve_bank_of_new_zealand_wiki_views,3943,1,3942,1.0,1.0,1.0,0.0,daily
reserve_bank_of_new_zealand_wiki_views_desktop,3943,1,3942,1.0,1.0,1.0,0.0,daily
reserve_bank_of_new_zealand_wiki_views_mobile,3943,1,3942,1.0,1.0,1.0,0.0,daily
sanctions_wiki_views,3943,1,3942,1.0,1.0,1.0,0.0,daily
sanctions_wiki_views_desktop,3943,1,3942,1.0,1.0,1.0,0.0,daily
sanctions_wiki_views_mobile,3943,1,3942,1.0,1.0,1.0,0.0,daily
shipping_container_wiki_views,3943,1,3942,1.0,1.0,1.0,0.0,daily
shipping_container_wiki_views_desktop,3943,1,3942,1.0,1.0,1.0,0.0,daily
shipping_container_wiki_views_mobile,3943,1,3942,1.0,1.0,1.0,0.0,daily
short_term_interest_rates,628,1,627,31.0,31.0,31.0,0.026405745631273042,monthly_or_slower
split,80,46,37,786.0,3781.8,5615.0,1.9046140868883024,quarterly_or_slower
stock_market_crash_wiki_views,3943,1,3942,1.0,1.0,1.0,0.0,daily
stock_market_crash_wiki_views_desktop,3943,1,3942,1.0,1.0,1.0,0.0,daily
stock_market_crash_wiki_views_mobile,3943,1,3942,1.0,1.0,1.0,0.0,daily
subprime_mortgage_crisis_wiki_views,3943,1,3942,1.0,1.0,1.0,0.0,daily
subprime_mortgage_crisis_wiki_views_desktop,3943,1,3942,1.0,1.0,1.0,0.0,daily
subprime_mortgage_crisis_wiki_views_mobile,3943,1,3942,1.0,1.0,1.0,0.0,daily
supply_chain_wiki_views,3943,1,3942,1.0,1.0,1.0,0.0,daily
supply_chain_wiki_views_desktop,3943,1,3942,1.0,1.0,1.0,0.0,daily
supply_chain_wiki_views_mobile,3943,1,3942,1.0,1.0,1.0,0.0,daily
tariff_wiki_views,3943,1,3942,1.0,1.0,1.0,0.0,daily
tariff_wiki_views_desktop,3943,1,3942,1.0,1.0,1.0,0.0,daily
tariff_wiki_views_mobile,3943,1,3942,1.0,1.0,1.0,0.0,daily
tourism_in_new_zealand_wiki_views,3943,1,3942,1.0,1.0,1.0,0.0,daily
tourism_in_new_zealand_wiki_views_desktop,3943,1,3942,1.0,1.0,1.0,0.0,daily
tourism_in_new_zealand_wiki_views_mobile,3943,1,3942,1.0,1.0,1.0,0.0,daily
trade_war_wiki_views,3943,1,3942,1.0,1.0,1.0,0.0,daily
trade_war_wiki_views_desktop,3943,1,3942,1.0,1.0,1.0,0.0,daily
trade_war_wiki_views_mobile,3943,1,3942,1.0,1.0,1.0,0.0,daily
trailing_amortization,15,56,10,1370.5,1826.0,1826.0,0.43165267755618897,quarterly_or_slower
trailing_amortization_of_intangibles_income_statement,15,57,9,1280.0,1826.0,1826.0,0.4798228887635565,quarterly_or_slower
trailing_average_dilution_earnings,1,1,0,,,,0.0,singleton
trailing_basic_average_shares,39,101,390,184.0,366.0,2922.0,1.6275015855648487,quarterly_or_slower
trailing_basic_eps,38,101,387,184.0,492.00000000000307,2922.0,1.6389721096814762,quarterly_or_slower
trailing_credit_losses_provision,1,1,0,,,,0.0,singleton
trailing_depreciation_amortization_depletion_income_statement,16,84,10,1280.0,2128.4999999999995,3195.0,0.7174237126324063,quarterly_or_slower
trailing_depreciation_and_amortization_in_income_statement,14,86,11,549.0,2009.0,2010.0,1.171469883408984,quarterly_or_slower
trailing_depreciation_income_statement,15,86,10,914.5,2009.1,2010.0,0.7527634940166741,quarterly_or_slower
trailing_diluted_average_shares,39,101,390,184.0,375.00000000000205,2922.0,1.6292068201647338,quarterly_or_slower
trailing_diluted_eps,38,101,389,184.0,383.999999999999,2922.0,1.6340276731218077,quarterly_or_slower
trailing_diluted_niavailto_com_stockholders,10,8,4,365.0,493.8,549.0,0.21828585520046126,quarterly_or_slower
trailing_dividend_income,6,6,2,365.0,365.0,365.0,0.0,quarterly_or_slower
trailing_ebit,15,92,10,1004.0,1280.0,1280.0,0.42122295864822795,quarterly_or_slower
trailing_ebitda,15,92,12,640.0,1280.0,1280.0,0.6536622647959616,quarterly_or_slower
trailing_fees_and_commissions,8,8,3,365.0,365.0,365.0,0.0,quarterly_or_slower
trailing_feesand_commission_expense,7,6,3,365.0,365.0,365.0,0.0,quarterly_or_slower
trailing_feesand_commission_income,2,3,0,,,,0.0,singleton
trailing_foreign_exchange_trading_gains,1,1,0,,,,0.0,singleton
trailing_gain_on_sale_of_security,5,4,3,365.0,365.0,365.0,0.0,quarterly_or_slower
trailing_general_and_administrative_expense,21,91,18,640.0,2064.6,2376.0,1.0336894489316226,quarterly_or_slower
trailing_impairment_of_capital_assets,10,32,7,1461.0,1899.6000000000001,2010.0,0.33221369032683695,quarterly_or_slower
trailing_incomefrom_associatesand_other_participating_interests,1,1,0,,,,0.0,singleton
trailing_insurance_and_claims,1,1,0,,,,0.0,singleton
trailing_interest_expense,19,89,12,640.0,1280.0,1280.0,0.6536622647959616,quarterly_or_slower
trailing_interest_income,18,90,23,1280.0,2010.0,3195.0,0.5768838999510846,quarterly_or_slower
trailing_minority_interests,10,21,3,549.0,549.0,549.0,0.31341102019804473,quarterly_or_slower
trailing_net_income,15,101,13,549.0,1280.0,1280.0,0.7427828200627581,quarterly_or_slower
trailing_net_income_common_stockholders,14,101,13,549.0,1280.0,1280.0,0.762958677740823,quarterly_or_slower
trailing_net_income_continuous_operations,15,101,12,640.0,1280.0,1280.0,0.6536622647959616,quarterly_or_slower
trailing_net_income_discontinuous_operations,7,8,2,1462.5,2193.3,2376.0,0.6246153846153846,quarterly_or_slower
trailing_net_income_from_continuing_and_discontinued_operation,17,101,15,549.0,1280.0,1280.0,0.7539453709592241,quarterly_or_slower
trailing_net_income_from_continuing_operation_net_minority_interest,16,101,13,549.0,1280.0,1280.0,0.8007711466442947,quarterly_or_slower
trailing_net_income_including_noncontrolling_interests,17,101,15,549.0,1280.0,1280.0,0.7539453709592241,quarterly_or_slower
trailing_net_interest_income,16,100,13,549.0,1280.0,1280.0,0.762958677740823,quarterly_or_slower
trailing_net_occupancy_expense,1,1,0,,,,0.0,singleton
trailing_non_interest_expense,1,3,0,,,,0.0,singleton
trailing_non_interest_income,9,10,4,365.0,493.8,549.0,0.21828585520046126,quarterly_or_slower
trailing_normalized_ebitda,16,92,14,549.0,1280.0,1280.0,0.7427022734134102,quarterly_or_slower
trailing_normalized_income,18,101,14,549.0,1280.0,1280.0,0.7756955579454035,quarterly_or_slower
trailing_occupancy_and_equipment,1,1,0,,,,0.0,singleton
trailing_other_gand_a,14,43,8,1280.0,2063.9,2192.0,0.4567784423658326,quarterly_or_slower
trailing_other_interest_expense,1,1,0,,,,0.0,singleton
trailing_other_non_interest_expense,2,2,0,,,,0.0,singleton
trailing_other_non_interest_income,2,4,0,,,,0.0,singleton
trailing_other_non_operating_income_expenses,20,83,17,1280.0,2010.0,2375.0,0.5229957619017405,quarterly_or_slower
trailing_other_special_charges,5,6,0,,,,0.0,singleton
trailing_preferred_stock_dividends,1,1,0,,,,0.0,singleton
trailing_professional_expense_and_contract_services_expense,1,1,0,,,,0.0,singleton
trailing_reconciled_depreciation,15,86,11,731.0,2010.0,3195.0,1.2117923607407681,quarterly_or_slower
trailing_rent_and_landing_fees,7,24,0,,,,0.0,singleton
trailing_rent_expense_supplemental,1,1,0,,,,0.0,singleton
trailing_restructuring_and_mergern_acquisition,4,7,1,2009.0,2009.0,2009.0,0.0,quarterly_or_slower
trailing_salaries_and_wages,11,63,7,1280.0,1899.6000000000001,2010.0,0.5196336763195492,quarterly_or_slower
trailing_selling_and_marketing_expense,17,47,8,913.0,2063.9,2192.0,0.7279138554755604,quarterly_or_slower
trailing_selling_general_and_administration,20,96,17,1277.0,2082.8,2376.0,0.5187749513875584,quarterly_or_slower
trailing_special_income_charges,13,37,10,1643.5,2009.1,2010.0,0.3598741463944656,quarterly_or_slower
trailing_tax_effect_of_unusual_items,15,101,12,640.0,1280.0,1280.0,0.6536622647959616,quarterly_or_slower
trailing_tax_provision,16,101,15,549.0,1280.0,1280.0,0.7237369347492296,quarterly_or_slower
trailing_tax_rate_for_calcs,16,101,14,549.0,1280.0,1280.0,0.8000726438342451,quarterly_or_slower
trailing_total_premiums_earned,1,1,0,,,,0.0,singleton
trailing_total_revenue,17,98,11,549.0,1280.0,1280.0,0.8409192471443079,quarterly_or_slower
trailing_total_unusual_items,14,53,21,1461.0,2010.0,2010.0,0.47587376811210413,quarterly_or_slower
trailing_total_unusual_items_excluding_goodwill,14,53,20,1643.5,2010.0,2010.0,0.41350596159988395,quarterly_or_slower
trailing_write_off,2,2,0,,,,0.0,singleton
trans_pacific_partnership_wiki_views,3943,1,3942,1.0,1.0,1.0,0.0,daily
trans_pacific_partnership_wiki_views_desktop,3943,1,3942,1.0,1.0,1.0,0.0,daily
trans_pacific_partnership_wiki_views_mobile,3943,1,3942,1.0,1.0,1.0,0.0,daily
treasury_security_wiki_views,3943,1,3942,1.0,1.0,1.0,0.0,daily
treasury_security_wiki_views_desktop,3943,1,3942,1.0,1.0,1.0,0.0,daily
treasury_security_wiki_views_mobile,3943,1,3942,1.0,1.0,1.0,0.0,daily
unemployment_wiki_views,3943,1,3942,1.0,1.0,1.0,0.0,daily
unemployment_wiki_views_desktop,3943,1,3942,1.0,1.0,1.0,0.0,daily
unemployment_wiki_views_mobile,3943,1,3942,1.0,1.0,1.0,0.0,daily
uranium_wiki_views,3943,1,3942,1.0,1.0,1.0,0.0,daily
uranium_wiki_views_desktop,3943,1,3942,1.0,1.0,1.0,0.0,daily
uranium_wiki_views_mobile,3943,1,3942,1.0,1.0,1.0,0.0,daily
volume,16546,140,590136,1.0,3.0,29.0,0.9255267568153958,daily
wellington_wiki_views,3943,1,3942,1.0,1.0,1.0,0.0,daily
wellington_wiki_views_desktop,3943,1,3942,1.0,1.0,1.0,0.0,daily
wellington_wiki_views_mobile,3943,1,3942,1.0,1.0,1.0,0.0,daily
whole_milk_powder_wiki_views,780,1,779,2.0,6.0,20.0,1.3675998301706065,daily
whole_milk_powder_wiki_views_desktop,780,1,779,2.0,6.0,20.0,1.3675998301706065,daily
whole_milk_powder_wiki_views_mobile,780,1,779,2.0,6.0,20.0,1.3675998301706065,daily
wiki_views,3943,39,95895,1.0,1.0,3602.0,17.12055097160765,daily
wiki_views_desktop,3943,39,95895,1.0,1.0,3602.0,17.12055097160765,daily
wiki_views_mobile,3943,39,95895,1.0,1.0,3602.0,17.12055097160765,daily
wine_wiki_views,3943,1,3942,1.0,1.0,1.0,0.0,daily
wine_wiki_views_desktop,3943,1,3942,1.0,1.0,1.0,0.0,daily
wine_wiki_views_mobile,3943,1,3942,1.0,1.0,1.0,0.0,daily
wool_wiki_views,3943,1,3942,1.0,1.0,1.0,0.0,daily
wool_wiki_views_desktop,3943,1,3942,1.0,1.0,1.0,0.0,daily
wool_wiki_views_mobile,3943,1,3942,1.0,1.0,1.0,0.0,daily
yield_curve_wiki_views,3943,1,3942,1.0,1.0,1.0,0.0,daily
yield_curve_wiki_views_desktop,3943,1,3942,1.0,1.0,1.0,0.0,daily
yield_curve_wiki_views_mobile,3943,1,3942,1.0,1.0,1.0,0.0,daily
